timestamp;customer_no;location
2022-05-04 07:02:00;1;dairy
2022-05-04 07:02:00;2;drinks
2022-05-04 07:02:00;3;dairy
2022-05-04 07:04:00;1;spices
2022-05-04 07:04:00;2;checkout
2022-05-04 07:04:00;3;spices
2022-05-04 07:04:00;4;fruit
2022-05-04 07:04:00;5;dairy
2022-05-04 07:06:00;1;fruit
2022-05-04 07:06:00;3;dairy
2022-05-04 07:06:00;4;dairy
2022-05-04 07:06:00;5;spices
2022-05-04 07:06:00;6;fruit
2022-05-04 07:06:00;7;drinks
2022-05-04 07:08:00;1;checkout
2022-05-04 07:08:00;3;checkout
2022-05-04 07:08:00;4;checkout
2022-05-04 07:08:00;5;checkout
2022-05-04 07:08:00;6;dairy
2022-05-04 07:08:00;7;spices
2022-05-04 07:08:00;8;spices
2022-05-04 07:08:00;9;dairy
2022-05-04 07:10:00;3;fruit
2022-05-04 07:10:00;5;dairy
2022-05-04 07:10:00;6;checkout
2022-05-04 07:10:00;7;drinks
2022-05-04 07:10:00;8;dairy
2022-05-04 07:10:00;9;fruit
2022-05-04 07:10:00;10;fruit
2022-05-04 07:12:00;3;dairy
2022-05-04 07:12:00;5;spices
2022-05-04 07:12:00;7;fruit
2022-05-04 07:12:00;8;drinks
2022-05-04 07:12:00;9;dairy
2022-05-04 07:12:00;10;checkout
2022-05-04 07:12:00;11;spices
2022-05-04 07:12:00;12;dairy
2022-05-04 07:14:00;3;drinks
2022-05-04 07:14:00;5;dairy
2022-05-04 07:14:00;7;drinks
2022-05-04 07:14:00;8;dairy
2022-05-04 07:14:00;9;fruit
2022-05-04 07:14:00;11;dairy
2022-05-04 07:14:00;12;checkout
2022-05-04 07:14:00;13;spices
2022-05-04 07:14:00;14;dairy
2022-05-04 07:16:00;3;fruit
2022-05-04 07:16:00;5;spices
2022-05-04 07:16:00;7;spices
2022-05-04 07:16:00;8;drinks
2022-05-04 07:16:00;9;checkout
2022-05-04 07:16:00;11;checkout
2022-05-04 07:16:00;13;dairy
2022-05-04 07:16:00;14;drinks
2022-05-04 07:16:00;15;fruit
2022-05-04 07:16:00;16;spices
2022-05-04 07:18:00;3;checkout
2022-05-04 07:18:00;5;checkout
2022-05-04 07:18:00;7;dairy
2022-05-04 07:18:00;8;spices
2022-05-04 07:18:00;11;spices
2022-05-04 07:18:00;13;drinks
2022-05-04 07:18:00;14;checkout
2022-05-04 07:18:00;15;spices
2022-05-04 07:18:00;16;dairy
2022-05-04 07:18:00;17;dairy
2022-05-04 07:20:00;5;fruit
2022-05-04 07:20:00;7;fruit
2022-05-04 07:20:00;8;checkout
2022-05-04 07:20:00;11;dairy
2022-05-04 07:20:00;13;fruit
2022-05-04 07:20:00;15;dairy
2022-05-04 07:20:00;16;checkout
2022-05-04 07:20:00;17;fruit
2022-05-04 07:22:00;5;spices
2022-05-04 07:22:00;7;drinks
2022-05-04 07:22:00;11;fruit
2022-05-04 07:22:00;13;drinks
2022-05-04 07:22:00;15;spices
2022-05-04 07:22:00;17;checkout
2022-05-04 07:22:00;18;fruit
2022-05-04 07:22:00;19;spices
2022-05-04 07:24:00;5;dairy
2022-05-04 07:24:00;7;fruit
2022-05-04 07:24:00;11;spices
2022-05-04 07:24:00;13;checkout
2022-05-04 07:24:00;15;checkout
2022-05-04 07:24:00;18;spices
2022-05-04 07:24:00;19;fruit
2022-05-04 07:26:00;5;checkout
2022-05-04 07:26:00;7;checkout
2022-05-04 07:26:00;11;dairy
2022-05-04 07:26:00;15;dairy
2022-05-04 07:26:00;18;fruit
2022-05-04 07:26:00;19;dairy
2022-05-04 07:26:00;20;dairy
2022-05-04 07:26:00;21;fruit
2022-05-04 07:28:00;7;fruit
2022-05-04 07:28:00;11;drinks
2022-05-04 07:28:00;15;drinks
2022-05-04 07:28:00;18;drinks
2022-05-04 07:28:00;19;spices
2022-05-04 07:28:00;20;spices
2022-05-04 07:28:00;21;drinks
2022-05-04 07:28:00;22;spices
2022-05-04 07:30:00;7;dairy
2022-05-04 07:30:00;11;checkout
2022-05-04 07:30:00;15;checkout
2022-05-04 07:30:00;18;spices
2022-05-04 07:30:00;19;dairy
2022-05-04 07:30:00;20;checkout
2022-05-04 07:30:00;21;checkout
2022-05-04 07:30:00;22;dairy
2022-05-04 07:30:00;23;spices
2022-05-04 07:32:00;7;drinks
2022-05-04 07:32:00;15;dairy
2022-05-04 07:32:00;18;checkout
2022-05-04 07:32:00;19;fruit
2022-05-04 07:32:00;21;dairy
2022-05-04 07:32:00;22;fruit
2022-05-04 07:32:00;23;drinks
2022-05-04 07:32:00;24;dairy
2022-05-04 07:32:00;25;fruit
2022-05-04 07:34:00;7;checkout
2022-05-04 07:34:00;15;checkout
2022-05-04 07:34:00;19;checkout
2022-05-04 07:34:00;21;spices
2022-05-04 07:34:00;22;checkout
2022-05-04 07:34:00;23;checkout
2022-05-04 07:34:00;24;checkout
2022-05-04 07:34:00;25;checkout
2022-05-04 07:34:00;26;fruit
2022-05-04 07:34:00;27;dairy
2022-05-04 07:36:00;15;dairy
2022-05-04 07:36:00;21;dairy
2022-05-04 07:36:00;23;dairy
2022-05-04 07:36:00;25;fruit
2022-05-04 07:36:00;26;checkout
2022-05-04 07:36:00;27;fruit
2022-05-04 07:36:00;28;dairy
2022-05-04 07:38:00;15;checkout
2022-05-04 07:38:00;21;fruit
2022-05-04 07:38:00;23;drinks
2022-05-04 07:38:00;25;drinks
2022-05-04 07:38:00;27;dairy
2022-05-04 07:38:00;28;drinks
2022-05-04 07:38:00;29;dairy
2022-05-04 07:38:00;30;fruit
2022-05-04 07:40:00;21;checkout
2022-05-04 07:40:00;23;fruit
2022-05-04 07:40:00;25;checkout
2022-05-04 07:40:00;27;spices
2022-05-04 07:40:00;28;spices
2022-05-04 07:40:00;29;checkout
2022-05-04 07:40:00;30;spices
2022-05-04 07:40:00;31;fruit
2022-05-04 07:40:00;32;dairy
2022-05-04 07:40:00;33;drinks
2022-05-04 07:42:00;23;dairy
2022-05-04 07:42:00;27;dairy
2022-05-04 07:42:00;28;fruit
2022-05-04 07:42:00;30;drinks
2022-05-04 07:42:00;31;dairy
2022-05-04 07:42:00;32;fruit
2022-05-04 07:42:00;33;spices
2022-05-04 07:42:00;34;fruit
2022-05-04 07:42:00;35;dairy
2022-05-04 07:44:00;23;fruit
2022-05-04 07:44:00;27;checkout
2022-05-04 07:44:00;28;checkout
2022-05-04 07:44:00;30;spices
2022-05-04 07:44:00;31;drinks
2022-05-04 07:44:00;32;checkout
2022-05-04 07:44:00;33;fruit
2022-05-04 07:44:00;34;dairy
2022-05-04 07:44:00;35;checkout
2022-05-04 07:44:00;36;spices
2022-05-04 07:46:00;23;dairy
2022-05-04 07:46:00;28;dairy
2022-05-04 07:46:00;30;drinks
2022-05-04 07:46:00;31;checkout
2022-05-04 07:46:00;33;checkout
2022-05-04 07:46:00;34;checkout
2022-05-04 07:46:00;36;dairy
2022-05-04 07:46:00;37;dairy
2022-05-04 07:46:00;38;drinks
2022-05-04 07:46:00;39;dairy
2022-05-04 07:48:00;23;checkout
2022-05-04 07:48:00;28;fruit
2022-05-04 07:48:00;30;checkout
2022-05-04 07:48:00;33;dairy
2022-05-04 07:48:00;36;checkout
2022-05-04 07:48:00;37;spices
2022-05-04 07:48:00;38;spices
2022-05-04 07:48:00;39;checkout
2022-05-04 07:48:00;40;dairy
2022-05-04 07:50:00;28;spices
2022-05-04 07:50:00;33;drinks
2022-05-04 07:50:00;37;drinks
2022-05-04 07:50:00;38;fruit
2022-05-04 07:50:00;40;fruit
2022-05-04 07:50:00;41;fruit
2022-05-04 07:50:00;42;fruit
2022-05-04 07:52:00;28;drinks
2022-05-04 07:52:00;33;fruit
2022-05-04 07:52:00;37;fruit
2022-05-04 07:52:00;38;checkout
2022-05-04 07:52:00;40;checkout
2022-05-04 07:52:00;41;dairy
2022-05-04 07:52:00;42;checkout
2022-05-04 07:52:00;43;spices
2022-05-04 07:54:00;28;fruit
2022-05-04 07:54:00;33;checkout
2022-05-04 07:54:00;37;dairy
2022-05-04 07:54:00;40;drinks
2022-05-04 07:54:00;41;checkout
2022-05-04 07:54:00;43;drinks
2022-05-04 07:54:00;44;fruit
2022-05-04 07:56:00;28;dairy
2022-05-04 07:56:00;37;drinks
2022-05-04 07:56:00;40;checkout
2022-05-04 07:56:00;43;fruit
2022-05-04 07:56:00;44;checkout
2022-05-04 07:56:00;45;fruit
2022-05-04 07:56:00;46;dairy
2022-05-04 07:56:00;47;fruit
2022-05-04 07:58:00;28;checkout
2022-05-04 07:58:00;37;checkout
2022-05-04 07:58:00;43;spices
2022-05-04 07:58:00;45;dairy
2022-05-04 07:58:00;46;fruit
2022-05-04 07:58:00;47;checkout
2022-05-04 07:58:00;48;drinks
2022-05-04 07:58:00;49;dairy
2022-05-04 08:00:00;37;drinks
2022-05-04 08:00:00;43;drinks
2022-05-04 08:00:00;45;spices
2022-05-04 08:00:00;46;dairy
2022-05-04 08:00:00;48;checkout
2022-05-04 08:00:00;49;spices
2022-05-04 08:00:00;50;dairy
2022-05-04 08:00:00;51;fruit
2022-05-04 08:00:00;52;fruit
2022-05-04 08:02:00;37;spices
2022-05-04 08:02:00;43;checkout
2022-05-04 08:02:00;45;drinks
2022-05-04 08:02:00;46;checkout
2022-05-04 08:02:00;49;checkout
2022-05-04 08:02:00;50;drinks
2022-05-04 08:02:00;51;checkout
2022-05-04 08:02:00;52;drinks
2022-05-04 08:02:00;53;dairy
2022-05-04 08:02:00;54;fruit
2022-05-04 08:02:00;55;fruit
2022-05-04 08:04:00;37;drinks
2022-05-04 08:04:00;45;checkout
2022-05-04 08:04:00;49;fruit
2022-05-04 08:04:00;50;checkout
2022-05-04 08:04:00;52;checkout
2022-05-04 08:04:00;53;checkout
2022-05-04 08:04:00;54;checkout
2022-05-04 08:04:00;55;checkout
2022-05-04 08:04:00;56;fruit
2022-05-04 08:04:00;57;fruit
2022-05-04 08:04:00;58;drinks
2022-05-04 08:06:00;37;checkout
2022-05-04 08:06:00;49;checkout
2022-05-04 08:06:00;52;dairy
2022-05-04 08:06:00;54;spices
2022-05-04 08:06:00;56;dairy
2022-05-04 08:06:00;57;dairy
2022-05-04 08:06:00;58;checkout
2022-05-04 08:06:00;59;drinks
2022-05-04 08:08:00;49;fruit
2022-05-04 08:08:00;52;fruit
2022-05-04 08:08:00;54;checkout
2022-05-04 08:08:00;56;spices
2022-05-04 08:08:00;57;checkout
2022-05-04 08:08:00;59;checkout
2022-05-04 08:08:00;60;dairy
2022-05-04 08:08:00;61;spices
2022-05-04 08:10:00;49;dairy
2022-05-04 08:10:00;52;checkout
2022-05-04 08:10:00;56;checkout
2022-05-04 08:10:00;59;fruit
2022-05-04 08:10:00;60;fruit
2022-05-04 08:10:00;61;drinks
2022-05-04 08:10:00;62;fruit
2022-05-04 08:10:00;63;fruit
2022-05-04 08:10:00;64;dairy
2022-05-04 08:12:00;49;fruit
2022-05-04 08:12:00;56;fruit
2022-05-04 08:12:00;59;checkout
2022-05-04 08:12:00;60;checkout
2022-05-04 08:12:00;61;checkout
2022-05-04 08:12:00;62;checkout
2022-05-04 08:12:00;63;checkout
2022-05-04 08:12:00;64;fruit
2022-05-04 08:12:00;65;dairy
2022-05-04 08:14:00;49;checkout
2022-05-04 08:14:00;56;checkout
2022-05-04 08:14:00;60;fruit
2022-05-04 08:14:00;62;dairy
2022-05-04 08:14:00;64;spices
2022-05-04 08:14:00;65;checkout
2022-05-04 08:14:00;66;spices
2022-05-04 08:14:00;67;dairy
2022-05-04 08:14:00;68;fruit
2022-05-04 08:16:00;56;dairy
2022-05-04 08:16:00;60;checkout
2022-05-04 08:16:00;62;fruit
2022-05-04 08:16:00;64;drinks
2022-05-04 08:16:00;66;checkout
2022-05-04 08:16:00;67;fruit
2022-05-04 08:16:00;68;checkout
2022-05-04 08:16:00;69;fruit
2022-05-04 08:18:00;56;drinks
2022-05-04 08:18:00;62;checkout
2022-05-04 08:18:00;64;checkout
2022-05-04 08:18:00;67;checkout
2022-05-04 08:18:00;69;dairy
2022-05-04 08:18:00;70;dairy
2022-05-04 08:20:00;56;spices
2022-05-04 08:20:00;64;fruit
2022-05-04 08:20:00;69;checkout
2022-05-04 08:20:00;70;spices
2022-05-04 08:20:00;71;fruit
2022-05-04 08:20:00;72;dairy
2022-05-04 08:20:00;73;spices
2022-05-04 08:22:00;56;fruit
2022-05-04 08:22:00;64;drinks
2022-05-04 08:22:00;70;drinks
2022-05-04 08:22:00;71;checkout
2022-05-04 08:22:00;72;checkout
2022-05-04 08:22:00;73;checkout
2022-05-04 08:22:00;74;drinks
2022-05-04 08:24:00;56;dairy
2022-05-04 08:24:00;64;checkout
2022-05-04 08:24:00;70;checkout
2022-05-04 08:24:00;72;fruit
2022-05-04 08:24:00;74;checkout
2022-05-04 08:24:00;75;dairy
2022-05-04 08:24:00;76;dairy
2022-05-04 08:24:00;77;spices
2022-05-04 08:26:00;56;checkout
2022-05-04 08:26:00;70;drinks
2022-05-04 08:26:00;72;checkout
2022-05-04 08:26:00;75;checkout
2022-05-04 08:26:00;76;spices
2022-05-04 08:26:00;77;checkout
2022-05-04 08:26:00;78;dairy
2022-05-04 08:26:00;79;spices
2022-05-04 08:28:00;70;checkout
2022-05-04 08:28:00;75;dairy
2022-05-04 08:28:00;76;dairy
2022-05-04 08:28:00;78;checkout
2022-05-04 08:28:00;79;dairy
2022-05-04 08:28:00;80;dairy
2022-05-04 08:28:00;81;fruit
2022-05-04 08:30:00;75;drinks
2022-05-04 08:30:00;76;drinks
2022-05-04 08:30:00;79;checkout
2022-05-04 08:30:00;80;fruit
2022-05-04 08:30:00;81;checkout
2022-05-04 08:30:00;82;spices
2022-05-04 08:32:00;75;spices
2022-05-04 08:32:00;76;fruit
2022-05-04 08:32:00;80;spices
2022-05-04 08:32:00;82;dairy
2022-05-04 08:32:00;83;spices
2022-05-04 08:32:00;84;drinks
2022-05-04 08:34:00;75;fruit
2022-05-04 08:34:00;76;drinks
2022-05-04 08:34:00;80;drinks
2022-05-04 08:34:00;82;drinks
2022-05-04 08:34:00;83;checkout
2022-05-04 08:34:00;84;spices
2022-05-04 08:36:00;75;checkout
2022-05-04 08:36:00;76;checkout
2022-05-04 08:36:00;80;checkout
2022-05-04 08:36:00;82;checkout
2022-05-04 08:36:00;84;drinks
2022-05-04 08:36:00;85;spices
2022-05-04 08:36:00;86;fruit
2022-05-04 08:38:00;76;fruit
2022-05-04 08:38:00;82;spices
2022-05-04 08:38:00;84;checkout
2022-05-04 08:38:00;85;drinks
2022-05-04 08:38:00;86;dairy
2022-05-04 08:40:00;76;drinks
2022-05-04 08:40:00;82;dairy
2022-05-04 08:40:00;85;checkout
2022-05-04 08:40:00;86;drinks
2022-05-04 08:40:00;87;fruit
2022-05-04 08:42:00;76;checkout
2022-05-04 08:42:00;82;checkout
2022-05-04 08:42:00;86;checkout
2022-05-04 08:42:00;87;checkout
2022-05-04 08:42:00;88;dairy
2022-05-04 08:42:00;89;spices
2022-05-04 08:44:00;82;drinks
2022-05-04 08:44:00;87;fruit
2022-05-04 08:44:00;88;drinks
2022-05-04 08:44:00;89;checkout
2022-05-04 08:44:00;90;fruit
2022-05-04 08:44:00;91;drinks
2022-05-04 08:46:00;82;spices
2022-05-04 08:46:00;87;drinks
2022-05-04 08:46:00;88;dairy
2022-05-04 08:46:00;90;dairy
2022-05-04 08:46:00;91;checkout
2022-05-04 08:46:00;92;dairy
2022-05-04 08:48:00;82;drinks
2022-05-04 08:48:00;87;fruit
2022-05-04 08:48:00;88;fruit
2022-05-04 08:48:00;90;fruit
2022-05-04 08:48:00;92;fruit
2022-05-04 08:50:00;82;spices
2022-05-04 08:50:00;87;spices
2022-05-04 08:50:00;88;checkout
2022-05-04 08:50:00;90;drinks
2022-05-04 08:50:00;92;dairy
2022-05-04 08:50:00;93;drinks
2022-05-04 08:50:00;94;fruit
2022-05-04 08:52:00;82;checkout
2022-05-04 08:52:00;87;checkout
2022-05-04 08:52:00;90;dairy
2022-05-04 08:52:00;92;drinks
2022-05-04 08:52:00;93;checkout
2022-05-04 08:52:00;94;dairy
2022-05-04 08:54:00;87;drinks
2022-05-04 08:54:00;90;drinks
2022-05-04 08:54:00;92;checkout
2022-05-04 08:54:00;94;drinks
2022-05-04 08:56:00;87;checkout
2022-05-04 08:56:00;90;spices
2022-05-04 08:56:00;94;checkout
2022-05-04 08:56:00;95;dairy
2022-05-04 08:58:00;90;fruit
2022-05-04 08:58:00;95;drinks
2022-05-04 08:58:00;96;drinks
2022-05-04 09:00:00;90;dairy
2022-05-04 09:00:00;95;spices
2022-05-04 09:00:00;96;checkout
2022-05-04 09:00:00;97;dairy
2022-05-04 09:02:00;90;drinks
2022-05-04 09:02:00;95;fruit
2022-05-04 09:02:00;97;spices
2022-05-04 09:04:00;90;checkout
2022-05-04 09:04:00;95;drinks
2022-05-04 09:04:00;97;drinks
2022-05-04 09:04:00;98;spices
2022-05-04 09:04:00;99;spices
2022-05-04 09:06:00;95;checkout
2022-05-04 09:06:00;97;spices
2022-05-04 09:06:00;98;dairy
2022-05-04 09:06:00;99;dairy
2022-05-04 09:06:00;100;drinks
2022-05-04 09:06:00;101;drinks
2022-05-04 09:08:00;97;fruit
2022-05-04 09:08:00;98;checkout
2022-05-04 09:08:00;99;spices
2022-05-04 09:08:00;100;checkout
2022-05-04 09:08:00;101;checkout
2022-05-04 09:08:00;102;spices
2022-05-04 09:10:00;97;dairy
2022-05-04 09:10:00;99;checkout
2022-05-04 09:10:00;101;dairy
2022-05-04 09:10:00;102;checkout
2022-05-04 09:10:00;103;dairy
2022-05-04 09:12:00;97;drinks
2022-05-04 09:12:00;101;checkout
2022-05-04 09:12:00;103;checkout
2022-05-04 09:12:00;104;fruit
2022-05-04 09:12:00;105;dairy
2022-05-04 09:14:00;97;spices
2022-05-04 09:14:00;103;dairy
2022-05-04 09:14:00;104;checkout
2022-05-04 09:14:00;105;checkout
2022-05-04 09:14:00;106;spices
2022-05-04 09:14:00;107;dairy
2022-05-04 09:16:00;97;dairy
2022-05-04 09:16:00;103;spices
2022-05-04 09:16:00;105;fruit
2022-05-04 09:16:00;106;drinks
2022-05-04 09:16:00;107;fruit
2022-05-04 09:16:00;108;fruit
2022-05-04 09:16:00;109;dairy
2022-05-04 09:18:00;97;drinks
2022-05-04 09:18:00;103;dairy
2022-05-04 09:18:00;105;checkout
2022-05-04 09:18:00;106;fruit
2022-05-04 09:18:00;107;checkout
2022-05-04 09:18:00;108;checkout
2022-05-04 09:18:00;109;drinks
2022-05-04 09:20:00;97;spices
2022-05-04 09:20:00;103;fruit
2022-05-04 09:20:00;106;checkout
2022-05-04 09:20:00;108;fruit
2022-05-04 09:20:00;109;checkout
2022-05-04 09:20:00;110;fruit
2022-05-04 09:20:00;111;fruit
2022-05-04 09:22:00;97;checkout
2022-05-04 09:22:00;103;spices
2022-05-04 09:22:00;108;spices
2022-05-04 09:22:00;110;dairy
2022-05-04 09:22:00;111;checkout
2022-05-04 09:24:00;103;dairy
2022-05-04 09:24:00;108;dairy
2022-05-04 09:24:00;110;checkout
2022-05-04 09:24:00;112;spices
2022-05-04 09:26:00;103;checkout
2022-05-04 09:26:00;108;drinks
2022-05-04 09:26:00;112;drinks
2022-05-04 09:28:00;108;fruit
2022-05-04 09:28:00;112;checkout
2022-05-04 09:28:00;113;fruit
2022-05-04 09:28:00;114;spices
2022-05-04 09:30:00;108;spices
2022-05-04 09:30:00;113;drinks
2022-05-04 09:30:00;114;dairy
2022-05-04 09:32:00;108;drinks
2022-05-04 09:32:00;113;fruit
2022-05-04 09:32:00;114;spices
2022-05-04 09:32:00;115;drinks
2022-05-04 09:32:00;116;fruit
2022-05-04 09:34:00;108;checkout
2022-05-04 09:34:00;113;dairy
2022-05-04 09:34:00;114;dairy
2022-05-04 09:34:00;115;spices
2022-05-04 09:34:00;116;drinks
2022-05-04 09:34:00;117;fruit
2022-05-04 09:36:00;113;spices
2022-05-04 09:36:00;114;checkout
2022-05-04 09:36:00;115;fruit
2022-05-04 09:36:00;116;spices
2022-05-04 09:36:00;117;checkout
2022-05-04 09:36:00;118;dairy
2022-05-04 09:38:00;113;dairy
2022-05-04 09:38:00;115;checkout
2022-05-04 09:38:00;116;dairy
2022-05-04 09:38:00;118;checkout
2022-05-04 09:38:00;119;dairy
2022-05-04 09:40:00;113;drinks
2022-05-04 09:40:00;116;drinks
2022-05-04 09:40:00;119;checkout
2022-05-04 09:40:00;120;fruit
2022-05-04 09:42:00;113;checkout
2022-05-04 09:42:00;116;fruit
2022-05-04 09:42:00;120;drinks
2022-05-04 09:42:00;121;fruit
2022-05-04 09:44:00;116;drinks
2022-05-04 09:44:00;120;checkout
2022-05-04 09:44:00;121;drinks
2022-05-04 09:44:00;122;fruit
2022-05-04 09:46:00;116;fruit
2022-05-04 09:46:00;121;checkout
2022-05-04 09:46:00;122;dairy
2022-05-04 09:46:00;123;fruit
2022-05-04 09:46:00;124;dairy
2022-05-04 09:48:00;116;checkout
2022-05-04 09:48:00;122;spices
2022-05-04 09:48:00;123;dairy
2022-05-04 09:48:00;124;fruit
2022-05-04 09:48:00;125;dairy
2022-05-04 09:48:00;126;drinks
2022-05-04 09:50:00;122;dairy
2022-05-04 09:50:00;123;checkout
2022-05-04 09:50:00;124;checkout
2022-05-04 09:50:00;125;checkout
2022-05-04 09:50:00;126;fruit
2022-05-04 09:50:00;127;dairy
2022-05-04 09:50:00;128;drinks
2022-05-04 09:52:00;122;checkout
2022-05-04 09:52:00;124;spices
2022-05-04 09:52:00;126;spices
2022-05-04 09:52:00;127;drinks
2022-05-04 09:52:00;128;checkout
2022-05-04 09:54:00;124;fruit
2022-05-04 09:54:00;126;drinks
2022-05-04 09:54:00;127;spices
2022-05-04 09:54:00;129;drinks
2022-05-04 09:56:00;124;checkout
2022-05-04 09:56:00;126;spices
2022-05-04 09:56:00;127;fruit
2022-05-04 09:56:00;129;fruit
2022-05-04 09:58:00;126;dairy
2022-05-04 09:58:00;127;dairy
2022-05-04 09:58:00;129;spices
2022-05-04 10:00:00;126;checkout
2022-05-04 10:00:00;127;checkout
2022-05-04 10:00:00;129;drinks
2022-05-04 10:00:00;130;dairy
2022-05-04 10:00:00;131;fruit
2022-05-04 10:02:00;127;drinks
2022-05-04 10:02:00;129;spices
2022-05-04 10:02:00;130;fruit
2022-05-04 10:02:00;131;checkout
2022-05-04 10:02:00;132;dairy
2022-05-04 10:04:00;127;fruit
2022-05-04 10:04:00;129;dairy
2022-05-04 10:04:00;130;checkout
2022-05-04 10:04:00;132;checkout
2022-05-04 10:04:00;133;dairy
2022-05-04 10:06:00;127;dairy
2022-05-04 10:06:00;129;fruit
2022-05-04 10:06:00;132;dairy
2022-05-04 10:06:00;133;checkout
2022-05-04 10:08:00;127;drinks
2022-05-04 10:08:00;129;dairy
2022-05-04 10:08:00;132;checkout
2022-05-04 10:10:00;127;fruit
2022-05-04 10:10:00;129;fruit
2022-05-04 10:12:00;127;dairy
2022-05-04 10:12:00;129;checkout
2022-05-04 10:12:00;134;dairy
2022-05-04 10:14:00;127;fruit
2022-05-04 10:14:00;134;spices
2022-05-04 10:14:00;135;fruit
2022-05-04 10:14:00;136;spices
2022-05-04 10:16:00;127;drinks
2022-05-04 10:16:00;134;dairy
2022-05-04 10:16:00;135;checkout
2022-05-04 10:16:00;136;fruit
2022-05-04 10:16:00;137;dairy
2022-05-04 10:16:00;138;fruit
2022-05-04 10:18:00;127;checkout
2022-05-04 10:18:00;134;fruit
2022-05-04 10:18:00;136;dairy
2022-05-04 10:18:00;137;drinks
2022-05-04 10:18:00;138;checkout
2022-05-04 10:18:00;139;fruit
2022-05-04 10:20:00;134;drinks
2022-05-04 10:20:00;136;checkout
2022-05-04 10:20:00;137;fruit
2022-05-04 10:20:00;139;dairy
2022-05-04 10:22:00;134;checkout
2022-05-04 10:22:00;137;spices
2022-05-04 10:22:00;139;fruit
2022-05-04 10:22:00;140;dairy
2022-05-04 10:24:00;137;checkout
2022-05-04 10:24:00;139;drinks
2022-05-04 10:24:00;140;checkout
2022-05-04 10:24:00;141;drinks
2022-05-04 10:26:00;139;checkout
2022-05-04 10:26:00;141;spices
2022-05-04 10:26:00;142;dairy
2022-05-04 10:28:00;141;dairy
2022-05-04 10:28:00;142;spices
2022-05-04 10:30:00;141;drinks
2022-05-04 10:30:00;142;checkout
2022-05-04 10:30:00;143;spices
2022-05-04 10:30:00;144;fruit
2022-05-04 10:32:00;141;checkout
2022-05-04 10:32:00;143;dairy
2022-05-04 10:32:00;144;checkout
2022-05-04 10:32:00;145;drinks
2022-05-04 10:32:00;146;spices
2022-05-04 10:34:00;143;checkout
2022-05-04 10:34:00;145;checkout
2022-05-04 10:34:00;146;drinks
2022-05-04 10:34:00;147;fruit
2022-05-04 10:34:00;148;spices
2022-05-04 10:36:00;145;spices
2022-05-04 10:36:00;146;checkout
2022-05-04 10:36:00;147;dairy
2022-05-04 10:36:00;148;dairy
2022-05-04 10:38:00;145;drinks
2022-05-04 10:38:00;147;spices
2022-05-04 10:38:00;148;spices
2022-05-04 10:38:00;149;drinks
2022-05-04 10:40:00;145;fruit
2022-05-04 10:40:00;147;fruit
2022-05-04 10:40:00;148;dairy
2022-05-04 10:40:00;149;fruit
2022-05-04 10:40:00;150;dairy
2022-05-04 10:40:00;151;fruit
2022-05-04 10:42:00;145;checkout
2022-05-04 10:42:00;147;dairy
2022-05-04 10:42:00;148;drinks
2022-05-04 10:42:00;149;dairy
2022-05-04 10:42:00;150;drinks
2022-05-04 10:42:00;151;checkout
2022-05-04 10:42:00;152;fruit
2022-05-04 10:44:00;147;fruit
2022-05-04 10:44:00;148;spices
2022-05-04 10:44:00;149;checkout
2022-05-04 10:44:00;150;checkout
2022-05-04 10:44:00;152;checkout
2022-05-04 10:46:00;147;dairy
2022-05-04 10:46:00;148;drinks
2022-05-04 10:46:00;150;spices
2022-05-04 10:46:00;153;dairy
2022-05-04 10:48:00;147;drinks
2022-05-04 10:48:00;148;checkout
2022-05-04 10:48:00;150;dairy
2022-05-04 10:48:00;153;checkout
2022-05-04 10:50:00;147;spices
2022-05-04 10:50:00;150;checkout
2022-05-04 10:50:00;154;spices
2022-05-04 10:52:00;147;drinks
2022-05-04 10:52:00;154;checkout
2022-05-04 10:52:00;155;dairy
2022-05-04 10:52:00;156;fruit
2022-05-04 10:54:00;147;spices
2022-05-04 10:54:00;155;fruit
2022-05-04 10:54:00;156;drinks
2022-05-04 10:54:00;157;spices
2022-05-04 10:54:00;158;spices
2022-05-04 10:56:00;147;dairy
2022-05-04 10:56:00;155;drinks
2022-05-04 10:56:00;156;fruit
2022-05-04 10:56:00;157;drinks
2022-05-04 10:56:00;158;dairy
2022-05-04 10:56:00;159;spices
2022-05-04 10:56:00;160;spices
2022-05-04 10:58:00;147;drinks
2022-05-04 10:58:00;155;checkout
2022-05-04 10:58:00;156;spices
2022-05-04 10:58:00;157;fruit
2022-05-04 10:58:00;158;checkout
2022-05-04 10:58:00;159;drinks
2022-05-04 10:58:00;160;checkout
2022-05-04 10:58:00;161;fruit
2022-05-04 10:58:00;162;fruit
2022-05-04 11:00:00;147;checkout
2022-05-04 11:00:00;156;dairy
2022-05-04 11:00:00;157;checkout
2022-05-04 11:00:00;159;checkout
2022-05-04 11:00:00;161;checkout
2022-05-04 11:00:00;162;spices
2022-05-04 11:00:00;163;dairy
2022-05-04 11:00:00;164;fruit
2022-05-04 11:02:00;156;checkout
2022-05-04 11:02:00;159;spices
2022-05-04 11:02:00;162;dairy
2022-05-04 11:02:00;163;spices
2022-05-04 11:02:00;164;checkout
2022-05-04 11:04:00;159;drinks
2022-05-04 11:04:00;162;drinks
2022-05-04 11:04:00;163;drinks
2022-05-04 11:04:00;165;dairy
2022-05-04 11:04:00;166;fruit
2022-05-04 11:06:00;159;spices
2022-05-04 11:06:00;162;spices
2022-05-04 11:06:00;163;spices
2022-05-04 11:06:00;165;drinks
2022-05-04 11:06:00;166;checkout
2022-05-04 11:06:00;167;fruit
2022-05-04 11:06:00;168;spices
2022-05-04 11:08:00;159;dairy
2022-05-04 11:08:00;162;fruit
2022-05-04 11:08:00;163;dairy
2022-05-04 11:08:00;165;spices
2022-05-04 11:08:00;167;drinks
2022-05-04 11:08:00;168;dairy
2022-05-04 11:08:00;169;spices
2022-05-04 11:10:00;159;checkout
2022-05-04 11:10:00;162;dairy
2022-05-04 11:10:00;163;spices
2022-05-04 11:10:00;165;checkout
2022-05-04 11:10:00;167;fruit
2022-05-04 11:10:00;168;spices
2022-05-04 11:10:00;169;fruit
2022-05-04 11:10:00;170;dairy
2022-05-04 11:12:00;162;checkout
2022-05-04 11:12:00;163;dairy
2022-05-04 11:12:00;167;spices
2022-05-04 11:12:00;168;fruit
2022-05-04 11:12:00;169;dairy
2022-05-04 11:12:00;170;drinks
2022-05-04 11:12:00;171;drinks
2022-05-04 11:12:00;172;fruit
2022-05-04 11:14:00;163;fruit
2022-05-04 11:14:00;167;drinks
2022-05-04 11:14:00;168;spices
2022-05-04 11:14:00;169;checkout
2022-05-04 11:14:00;170;checkout
2022-05-04 11:14:00;171;checkout
2022-05-04 11:14:00;172;spices
2022-05-04 11:14:00;173;drinks
2022-05-04 11:14:00;174;dairy
2022-05-04 11:16:00;163;checkout
2022-05-04 11:16:00;167;checkout
2022-05-04 11:16:00;168;checkout
2022-05-04 11:16:00;170;fruit
2022-05-04 11:16:00;172;checkout
2022-05-04 11:16:00;173;checkout
2022-05-04 11:16:00;174;drinks
2022-05-04 11:18:00;167;fruit
2022-05-04 11:18:00;170;dairy
2022-05-04 11:18:00;173;dairy
2022-05-04 11:18:00;174;spices
2022-05-04 11:18:00;175;dairy
2022-05-04 11:18:00;176;dairy
2022-05-04 11:20:00;167;checkout
2022-05-04 11:20:00;170;checkout
2022-05-04 11:20:00;173;spices
2022-05-04 11:20:00;174;drinks
2022-05-04 11:20:00;175;checkout
2022-05-04 11:20:00;176;spices
2022-05-04 11:20:00;177;drinks
2022-05-04 11:22:00;170;dairy
2022-05-04 11:22:00;173;dairy
2022-05-04 11:22:00;174;checkout
2022-05-04 11:22:00;176;drinks
2022-05-04 11:22:00;177;checkout
2022-05-04 11:22:00;178;dairy
2022-05-04 11:22:00;179;fruit
2022-05-04 11:24:00;170;fruit
2022-05-04 11:24:00;173;fruit
2022-05-04 11:24:00;176;checkout
2022-05-04 11:24:00;178;fruit
2022-05-04 11:24:00;179;drinks
2022-05-04 11:24:00;180;spices
2022-05-04 11:26:00;170;checkout
2022-05-04 11:26:00;173;spices
2022-05-04 11:26:00;178;checkout
2022-05-04 11:26:00;179;spices
2022-05-04 11:26:00;180;drinks
2022-05-04 11:26:00;181;fruit
2022-05-04 11:26:00;182;spices
2022-05-04 11:28:00;173;fruit
2022-05-04 11:28:00;179;fruit
2022-05-04 11:28:00;180;checkout
2022-05-04 11:28:00;181;dairy
2022-05-04 11:28:00;182;dairy
2022-05-04 11:28:00;183;spices
2022-05-04 11:28:00;184;spices
2022-05-04 11:30:00;173;spices
2022-05-04 11:30:00;179;checkout
2022-05-04 11:30:00;181;spices
2022-05-04 11:30:00;182;drinks
2022-05-04 11:30:00;183;fruit
2022-05-04 11:30:00;184;fruit
2022-05-04 11:32:00;173;checkout
2022-05-04 11:32:00;181;dairy
2022-05-04 11:32:00;182;checkout
2022-05-04 11:32:00;183;checkout
2022-05-04 11:32:00;184;spices
2022-05-04 11:34:00;181;checkout
2022-05-04 11:34:00;183;spices
2022-05-04 11:34:00;184;fruit
2022-05-04 11:34:00;185;dairy
2022-05-04 11:36:00;183;dairy
2022-05-04 11:36:00;184;drinks
2022-05-04 11:36:00;185;checkout
2022-05-04 11:36:00;186;spices
2022-05-04 11:36:00;187;fruit
2022-05-04 11:38:00;183;fruit
2022-05-04 11:38:00;184;spices
2022-05-04 11:38:00;186;drinks
2022-05-04 11:38:00;187;drinks
2022-05-04 11:38:00;188;dairy
2022-05-04 11:38:00;189;fruit
2022-05-04 11:40:00;183;drinks
2022-05-04 11:40:00;184;drinks
2022-05-04 11:40:00;186;checkout
2022-05-04 11:40:00;187;spices
2022-05-04 11:40:00;188;checkout
2022-05-04 11:40:00;189;checkout
2022-05-04 11:40:00;190;spices
2022-05-04 11:40:00;191;drinks
2022-05-04 11:42:00;183;spices
2022-05-04 11:42:00;184;checkout
2022-05-04 11:42:00;187;dairy
2022-05-04 11:42:00;189;dairy
2022-05-04 11:42:00;190;fruit
2022-05-04 11:42:00;191;checkout
2022-05-04 11:42:00;192;drinks
2022-05-04 11:44:00;183;checkout
2022-05-04 11:44:00;187;checkout
2022-05-04 11:44:00;189;checkout
2022-05-04 11:44:00;190;checkout
2022-05-04 11:44:00;192;fruit
2022-05-04 11:44:00;193;fruit
2022-05-04 11:46:00;187;fruit
2022-05-04 11:46:00;190;fruit
2022-05-04 11:46:00;192;drinks
2022-05-04 11:46:00;193;spices
2022-05-04 11:46:00;194;dairy
2022-05-04 11:48:00;187;checkout
2022-05-04 11:48:00;190;checkout
2022-05-04 11:48:00;192;checkout
2022-05-04 11:48:00;193;drinks
2022-05-04 11:48:00;194;drinks
2022-05-04 11:48:00;195;drinks
2022-05-04 11:48:00;196;fruit
2022-05-04 11:50:00;190;fruit
2022-05-04 11:50:00;193;checkout
2022-05-04 11:50:00;194;dairy
2022-05-04 11:50:00;195;spices
2022-05-04 11:50:00;196;checkout
2022-05-04 11:50:00;197;fruit
2022-05-04 11:50:00;198;drinks
2022-05-04 11:52:00;190;spices
2022-05-04 11:52:00;194;spices
2022-05-04 11:52:00;195;dairy
2022-05-04 11:52:00;197;dairy
2022-05-04 11:52:00;198;checkout
2022-05-04 11:52:00;199;drinks
2022-05-04 11:54:00;190;checkout
2022-05-04 11:54:00;194;dairy
2022-05-04 11:54:00;195;checkout
2022-05-04 11:54:00;197;checkout
2022-05-04 11:54:00;199;fruit
2022-05-04 11:54:00;200;fruit
2022-05-04 11:56:00;194;drinks
2022-05-04 11:56:00;197;dairy
2022-05-04 11:56:00;199;dairy
2022-05-04 11:56:00;200;checkout
2022-05-04 11:56:00;201;fruit
2022-05-04 11:58:00;194;dairy
2022-05-04 11:58:00;197;checkout
2022-05-04 11:58:00;199;spices
2022-05-04 11:58:00;201;checkout
2022-05-04 11:58:00;202;dairy
2022-05-04 12:00:00;194;fruit
2022-05-04 12:00:00;199;dairy
2022-05-04 12:00:00;202;checkout
2022-05-04 12:00:00;203;fruit
2022-05-04 12:02:00;194;checkout
2022-05-04 12:02:00;199;checkout
2022-05-04 12:02:00;203;checkout
2022-05-04 12:02:00;204;dairy
2022-05-04 12:04:00;199;dairy
2022-05-04 12:04:00;204;drinks
2022-05-04 12:04:00;205;spices
2022-05-04 12:06:00;199;drinks
2022-05-04 12:06:00;204;checkout
2022-05-04 12:06:00;205;checkout
2022-05-04 12:06:00;206;drinks
2022-05-04 12:06:00;207;dairy
2022-05-04 12:08:00;199;checkout
2022-05-04 12:08:00;205;fruit
2022-05-04 12:08:00;206;spices
2022-05-04 12:08:00;207;checkout
2022-05-04 12:08:00;208;fruit
2022-05-04 12:10:00;205;checkout
2022-05-04 12:10:00;206;dairy
2022-05-04 12:10:00;208;dairy
2022-05-04 12:10:00;209;dairy
2022-05-04 12:10:00;210;fruit
2022-05-04 12:12:00;206;checkout
2022-05-04 12:12:00;208;checkout
2022-05-04 12:12:00;209;drinks
2022-05-04 12:12:00;210;drinks
2022-05-04 12:12:00;211;spices
2022-05-04 12:14:00;208;dairy
2022-05-04 12:14:00;209;spices
2022-05-04 12:14:00;210;checkout
2022-05-04 12:14:00;211;fruit
2022-05-04 12:14:00;212;dairy
2022-05-04 12:16:00;208;drinks
2022-05-04 12:16:00;209;drinks
2022-05-04 12:16:00;211;checkout
2022-05-04 12:16:00;212;checkout
2022-05-04 12:16:00;213;drinks
2022-05-04 12:18:00;208;spices
2022-05-04 12:18:00;209;checkout
2022-05-04 12:18:00;212;dairy
2022-05-04 12:18:00;213;checkout
2022-05-04 12:18:00;214;fruit
2022-05-04 12:20:00;208;drinks
2022-05-04 12:20:00;212;drinks
2022-05-04 12:20:00;214;dairy
2022-05-04 12:20:00;215;fruit
2022-05-04 12:22:00;208;checkout
2022-05-04 12:22:00;212;checkout
2022-05-04 12:22:00;214;spices
2022-05-04 12:22:00;215;drinks
2022-05-04 12:22:00;216;fruit
2022-05-04 12:22:00;217;fruit
2022-05-04 12:24:00;212;spices
2022-05-04 12:24:00;214;fruit
2022-05-04 12:24:00;215;checkout
2022-05-04 12:24:00;216;dairy
2022-05-04 12:24:00;217;spices
2022-05-04 12:24:00;218;fruit
2022-05-04 12:24:00;219;drinks
2022-05-04 12:26:00;212;drinks
2022-05-04 12:26:00;214;checkout
2022-05-04 12:26:00;216;checkout
2022-05-04 12:26:00;217;drinks
2022-05-04 12:26:00;218;spices
2022-05-04 12:26:00;219;checkout
2022-05-04 12:26:00;220;drinks
2022-05-04 12:26:00;221;fruit
2022-05-04 12:28:00;212;fruit
2022-05-04 12:28:00;216;dairy
2022-05-04 12:28:00;217;checkout
2022-05-04 12:28:00;218;fruit
2022-05-04 12:28:00;220;spices
2022-05-04 12:28:00;221;drinks
2022-05-04 12:28:00;222;fruit
2022-05-04 12:30:00;212;dairy
2022-05-04 12:30:00;216;drinks
2022-05-04 12:30:00;218;checkout
2022-05-04 12:30:00;220;drinks
2022-05-04 12:30:00;221;checkout
2022-05-04 12:30:00;222;checkout
2022-05-04 12:30:00;223;spices
2022-05-04 12:30:00;224;fruit
2022-05-04 12:32:00;212;fruit
2022-05-04 12:32:00;216;spices
2022-05-04 12:32:00;220;checkout
2022-05-04 12:32:00;222;spices
2022-05-04 12:32:00;223;dairy
2022-05-04 12:32:00;224;drinks
2022-05-04 12:32:00;225;fruit
2022-05-04 12:32:00;226;spices
2022-05-04 12:34:00;212;drinks
2022-05-04 12:34:00;216;fruit
2022-05-04 12:34:00;222;checkout
2022-05-04 12:34:00;223;drinks
2022-05-04 12:34:00;224;fruit
2022-05-04 12:34:00;225;checkout
2022-05-04 12:34:00;226;drinks
2022-05-04 12:34:00;227;dairy
2022-05-04 12:34:00;228;drinks
2022-05-04 12:36:00;212;checkout
2022-05-04 12:36:00;216;checkout
2022-05-04 12:36:00;223;checkout
2022-05-04 12:36:00;224;dairy
2022-05-04 12:36:00;226;checkout
2022-05-04 12:36:00;227;drinks
2022-05-04 12:36:00;228;checkout
2022-05-04 12:36:00;229;spices
2022-05-04 12:38:00;216;spices
2022-05-04 12:38:00;224;drinks
2022-05-04 12:38:00;227;checkout
2022-05-04 12:38:00;229;dairy
2022-05-04 12:38:00;230;dairy
2022-05-04 12:40:00;216;drinks
2022-05-04 12:40:00;224;checkout
2022-05-04 12:40:00;229;drinks
2022-05-04 12:40:00;230;drinks
2022-05-04 12:40:00;231;spices
2022-05-04 12:40:00;232;drinks
2022-05-04 12:42:00;216;checkout
2022-05-04 12:42:00;229;checkout
2022-05-04 12:42:00;230;spices
2022-05-04 12:42:00;231;drinks
2022-05-04 12:42:00;232;checkout
2022-05-04 12:42:00;233;fruit
2022-05-04 12:44:00;229;fruit
2022-05-04 12:44:00;230;checkout
2022-05-04 12:44:00;231;checkout
2022-05-04 12:44:00;233;spices
2022-05-04 12:44:00;234;dairy
2022-05-04 12:44:00;235;dairy
2022-05-04 12:46:00;229;dairy
2022-05-04 12:46:00;231;fruit
2022-05-04 12:46:00;233;fruit
2022-05-04 12:46:00;234;spices
2022-05-04 12:46:00;235;drinks
2022-05-04 12:46:00;236;spices
2022-05-04 12:48:00;229;checkout
2022-05-04 12:48:00;231;drinks
2022-05-04 12:48:00;233;dairy
2022-05-04 12:48:00;234;drinks
2022-05-04 12:48:00;235;checkout
2022-05-04 12:48:00;236;drinks
2022-05-04 12:48:00;237;fruit
2022-05-04 12:50:00;231;checkout
2022-05-04 12:50:00;233;checkout
2022-05-04 12:50:00;234;checkout
2022-05-04 12:50:00;236;spices
2022-05-04 12:50:00;237;checkout
2022-05-04 12:50:00;238;drinks
2022-05-04 12:50:00;239;dairy
2022-05-04 12:52:00;233;dairy
2022-05-04 12:52:00;236;checkout
2022-05-04 12:52:00;238;checkout
2022-05-04 12:52:00;239;checkout
2022-05-04 12:52:00;240;spices
2022-05-04 12:52:00;241;spices
2022-05-04 12:54:00;233;drinks
2022-05-04 12:54:00;238;fruit
2022-05-04 12:54:00;240;checkout
2022-05-04 12:54:00;241;dairy
2022-05-04 12:54:00;242;drinks
2022-05-04 12:54:00;243;spices
2022-05-04 12:56:00;233;checkout
2022-05-04 12:56:00;238;drinks
2022-05-04 12:56:00;241;checkout
2022-05-04 12:56:00;242;spices
2022-05-04 12:56:00;243;dairy
2022-05-04 12:56:00;244;dairy
2022-05-04 12:58:00;238;checkout
2022-05-04 12:58:00;242;drinks
2022-05-04 12:58:00;243;drinks
2022-05-04 12:58:00;244;checkout
2022-05-04 12:58:00;245;drinks
2022-05-04 12:58:00;246;fruit
2022-05-04 13:00:00;242;spices
2022-05-04 13:00:00;243;fruit
2022-05-04 13:00:00;245;checkout
2022-05-04 13:00:00;246;checkout
2022-05-04 13:00:00;247;fruit
2022-05-04 13:00:00;248;drinks
2022-05-04 13:02:00;242;checkout
2022-05-04 13:02:00;243;dairy
2022-05-04 13:02:00;246;fruit
2022-05-04 13:02:00;247;checkout
2022-05-04 13:02:00;248;checkout
2022-05-04 13:02:00;249;fruit
2022-05-04 13:04:00;243;checkout
2022-05-04 13:04:00;246;checkout
2022-05-04 13:04:00;248;drinks
2022-05-04 13:04:00;249;spices
2022-05-04 13:04:00;250;dairy
2022-05-04 13:04:00;251;fruit
2022-05-04 13:06:00;246;fruit
2022-05-04 13:06:00;248;checkout
2022-05-04 13:06:00;249;drinks
2022-05-04 13:06:00;250;checkout
2022-05-04 13:06:00;251;checkout
2022-05-04 13:06:00;252;drinks
2022-05-04 13:08:00;246;dairy
2022-05-04 13:08:00;249;fruit
2022-05-04 13:08:00;251;dairy
2022-05-04 13:08:00;252;checkout
2022-05-04 13:08:00;253;drinks
2022-05-04 13:10:00;246;checkout
2022-05-04 13:10:00;249;checkout
2022-05-04 13:10:00;251;drinks
2022-05-04 13:10:00;253;checkout
2022-05-04 13:10:00;254;fruit
2022-05-04 13:10:00;255;fruit
2022-05-04 13:12:00;249;spices
2022-05-04 13:12:00;251;checkout
2022-05-04 13:12:00;254;checkout
2022-05-04 13:12:00;255;dairy
2022-05-04 13:12:00;256;dairy
2022-05-04 13:14:00;249;drinks
2022-05-04 13:14:00;254;fruit
2022-05-04 13:14:00;255;fruit
2022-05-04 13:14:00;256;checkout
2022-05-04 13:14:00;257;drinks
2022-05-04 13:14:00;258;fruit
2022-05-04 13:16:00;249;checkout
2022-05-04 13:16:00;254;checkout
2022-05-04 13:16:00;255;checkout
2022-05-04 13:16:00;257;checkout
2022-05-04 13:16:00;258;drinks
2022-05-04 13:16:00;259;dairy
2022-05-04 13:18:00;254;spices
2022-05-04 13:18:00;257;fruit
2022-05-04 13:18:00;258;fruit
2022-05-04 13:18:00;259;checkout
2022-05-04 13:18:00;260;drinks
2022-05-04 13:18:00;261;fruit
2022-05-04 13:20:00;254;drinks
2022-05-04 13:20:00;257;checkout
2022-05-04 13:20:00;258;dairy
2022-05-04 13:20:00;260;checkout
2022-05-04 13:20:00;261;drinks
2022-05-04 13:20:00;262;dairy
2022-05-04 13:22:00;254;checkout
2022-05-04 13:22:00;258;checkout
2022-05-04 13:22:00;261;spices
2022-05-04 13:22:00;262;spices
2022-05-04 13:22:00;263;fruit
2022-05-04 13:24:00;258;drinks
2022-05-04 13:24:00;261;drinks
2022-05-04 13:24:00;262;fruit
2022-05-04 13:24:00;263;drinks
2022-05-04 13:24:00;264;dairy
2022-05-04 13:26:00;258;checkout
2022-05-04 13:26:00;261;checkout
2022-05-04 13:26:00;262;checkout
2022-05-04 13:26:00;263;checkout
2022-05-04 13:26:00;264;checkout
2022-05-04 13:26:00;265;spices
2022-05-04 13:26:00;266;fruit
2022-05-04 13:28:00;261;dairy
2022-05-04 13:28:00;263;dairy
2022-05-04 13:28:00;265;drinks
2022-05-04 13:28:00;266;checkout
2022-05-04 13:28:00;267;dairy
2022-05-04 13:28:00;268;fruit
2022-05-04 13:30:00;261;checkout
2022-05-04 13:30:00;263;checkout
2022-05-04 13:30:00;265;checkout
2022-05-04 13:30:00;267;spices
2022-05-04 13:30:00;268;checkout
2022-05-04 13:30:00;269;fruit
2022-05-04 13:30:00;270;drinks
2022-05-04 13:32:00;263;dairy
2022-05-04 13:32:00;267;fruit
2022-05-04 13:32:00;269;dairy
2022-05-04 13:32:00;270;checkout
2022-05-04 13:32:00;271;fruit
2022-05-04 13:32:00;272;fruit
2022-05-04 13:34:00;263;checkout
2022-05-04 13:34:00;267;checkout
2022-05-04 13:34:00;269;checkout
2022-05-04 13:34:00;271;drinks
2022-05-04 13:34:00;272;spices
2022-05-04 13:34:00;273;spices
2022-05-04 13:34:00;274;spices
2022-05-04 13:36:00;267;fruit
2022-05-04 13:36:00;271;checkout
2022-05-04 13:36:00;272;checkout
2022-05-04 13:36:00;273;fruit
2022-05-04 13:36:00;274;drinks
2022-05-04 13:36:00;275;fruit
2022-05-04 13:36:00;276;fruit
2022-05-04 13:38:00;267;checkout
2022-05-04 13:38:00;272;spices
2022-05-04 13:38:00;273;drinks
2022-05-04 13:38:00;274;checkout
2022-05-04 13:38:00;275;checkout
2022-05-04 13:38:00;276;dairy
2022-05-04 13:38:00;277;fruit
2022-05-04 13:38:00;278;dairy
2022-05-04 13:40:00;272;checkout
2022-05-04 13:40:00;273;checkout
2022-05-04 13:40:00;275;spices
2022-05-04 13:40:00;276;drinks
2022-05-04 13:40:00;277;checkout
2022-05-04 13:40:00;278;spices
2022-05-04 13:40:00;279;spices
2022-05-04 13:42:00;273;fruit
2022-05-04 13:42:00;275;dairy
2022-05-04 13:42:00;276;fruit
2022-05-04 13:42:00;278;drinks
2022-05-04 13:42:00;279;dairy
2022-05-04 13:42:00;280;spices
2022-05-04 13:44:00;273;checkout
2022-05-04 13:44:00;275;fruit
2022-05-04 13:44:00;276;spices
2022-05-04 13:44:00;278;checkout
2022-05-04 13:44:00;279;spices
2022-05-04 13:44:00;280;dairy
2022-05-04 13:44:00;281;spices
2022-05-04 13:46:00;275;checkout
2022-05-04 13:46:00;276;checkout
2022-05-04 13:46:00;279;checkout
2022-05-04 13:46:00;280;spices
2022-05-04 13:46:00;281;drinks
2022-05-04 13:46:00;282;dairy
2022-05-04 13:48:00;276;fruit
2022-05-04 13:48:00;280;checkout
2022-05-04 13:48:00;281;fruit
2022-05-04 13:48:00;282;drinks
2022-05-04 13:48:00;283;fruit
2022-05-04 13:50:00;276;checkout
2022-05-04 13:50:00;281;checkout
2022-05-04 13:50:00;282;fruit
2022-05-04 13:50:00;283;dairy
2022-05-04 13:50:00;284;fruit
2022-05-04 13:50:00;285;fruit
2022-05-04 13:52:00;281;spices
2022-05-04 13:52:00;282;drinks
2022-05-04 13:52:00;283;fruit
2022-05-04 13:52:00;284;checkout
2022-05-04 13:52:00;285;checkout
2022-05-04 13:52:00;286;dairy
2022-05-04 13:52:00;287;drinks
2022-05-04 13:54:00;281;drinks
2022-05-04 13:54:00;282;fruit
2022-05-04 13:54:00;283;dairy
2022-05-04 13:54:00;285;drinks
2022-05-04 13:54:00;286;fruit
2022-05-04 13:54:00;287;checkout
2022-05-04 13:54:00;288;dairy
2022-05-04 13:54:00;289;dairy
2022-05-04 13:56:00;281;checkout
2022-05-04 13:56:00;282;checkout
2022-05-04 13:56:00;283;spices
2022-05-04 13:56:00;285;fruit
2022-05-04 13:56:00;286;spices
2022-05-04 13:56:00;288;spices
2022-05-04 13:56:00;289;checkout
2022-05-04 13:56:00;290;drinks
2022-05-04 13:56:00;291;dairy
2022-05-04 13:58:00;282;drinks
2022-05-04 13:58:00;283;dairy
2022-05-04 13:58:00;285;checkout
2022-05-04 13:58:00;286;fruit
2022-05-04 13:58:00;288;drinks
2022-05-04 13:58:00;290;fruit
2022-05-04 13:58:00;291;checkout
2022-05-04 13:58:00;292;fruit
2022-05-04 14:00:00;282;spices
2022-05-04 14:00:00;283;spices
2022-05-04 14:00:00;286;spices
2022-05-04 14:00:00;288;checkout
2022-05-04 14:00:00;290;dairy
2022-05-04 14:00:00;292;spices
2022-05-04 14:00:00;293;spices
2022-05-04 14:02:00;282;checkout
2022-05-04 14:02:00;283;fruit
2022-05-04 14:02:00;286;dairy
2022-05-04 14:02:00;290;drinks
2022-05-04 14:02:00;292;fruit
2022-05-04 14:02:00;293;dairy
2022-05-04 14:02:00;294;dairy
2022-05-04 14:02:00;295;fruit
2022-05-04 14:04:00;283;dairy
2022-05-04 14:04:00;286;drinks
2022-05-04 14:04:00;290;checkout
2022-05-04 14:04:00;292;checkout
2022-05-04 14:04:00;293;checkout
2022-05-04 14:04:00;294;drinks
2022-05-04 14:04:00;295;dairy
2022-05-04 14:04:00;296;dairy
2022-05-04 14:06:00;283;drinks
2022-05-04 14:06:00;286;checkout
2022-05-04 14:06:00;292;drinks
2022-05-04 14:06:00;294;spices
2022-05-04 14:06:00;295;checkout
2022-05-04 14:06:00;296;checkout
2022-05-04 14:06:00;297;fruit
2022-05-04 14:06:00;298;dairy
2022-05-04 14:08:00;283;checkout
2022-05-04 14:08:00;292;spices
2022-05-04 14:08:00;294;checkout
2022-05-04 14:08:00;296;spices
2022-05-04 14:08:00;297;checkout
2022-05-04 14:08:00;298;spices
2022-05-04 14:08:00;299;drinks
2022-05-04 14:08:00;300;drinks
2022-05-04 14:10:00;292;drinks
2022-05-04 14:10:00;296;dairy
2022-05-04 14:10:00;298;checkout
2022-05-04 14:10:00;299;fruit
2022-05-04 14:10:00;300;spices
2022-05-04 14:10:00;301;dairy
2022-05-04 14:12:00;292;fruit
2022-05-04 14:12:00;296;spices
2022-05-04 14:12:00;299;checkout
2022-05-04 14:12:00;300;checkout
2022-05-04 14:12:00;301;spices
2022-05-04 14:12:00;302;spices
2022-05-04 14:14:00;292;spices
2022-05-04 14:14:00;296;checkout
2022-05-04 14:14:00;300;fruit
2022-05-04 14:14:00;301;checkout
2022-05-04 14:14:00;302;checkout
2022-05-04 14:14:00;303;dairy
2022-05-04 14:14:00;304;fruit
2022-05-04 14:16:00;292;fruit
2022-05-04 14:16:00;300;checkout
2022-05-04 14:16:00;302;dairy
2022-05-04 14:16:00;303;checkout
2022-05-04 14:16:00;304;drinks
2022-05-04 14:16:00;305;fruit
2022-05-04 14:16:00;306;spices
2022-05-04 14:18:00;292;checkout
2022-05-04 14:18:00;302;fruit
2022-05-04 14:18:00;304;checkout
2022-05-04 14:18:00;305;dairy
2022-05-04 14:18:00;306;dairy
2022-05-04 14:18:00;307;drinks
2022-05-04 14:20:00;302;drinks
2022-05-04 14:20:00;305;drinks
2022-05-04 14:20:00;306;spices
2022-05-04 14:20:00;307;checkout
2022-05-04 14:20:00;308;dairy
2022-05-04 14:20:00;309;fruit
2022-05-04 14:22:00;302;fruit
2022-05-04 14:22:00;305;checkout
2022-05-04 14:22:00;306;drinks
2022-05-04 14:22:00;308;checkout
2022-05-04 14:22:00;309;checkout
2022-05-04 14:22:00;310;fruit
2022-05-04 14:22:00;311;dairy
2022-05-04 14:24:00;302;checkout
2022-05-04 14:24:00;306;checkout
2022-05-04 14:24:00;309;fruit
2022-05-04 14:24:00;310;drinks
2022-05-04 14:24:00;311;fruit
2022-05-04 14:24:00;312;drinks
2022-05-04 14:24:00;313;drinks
2022-05-04 14:26:00;306;fruit
2022-05-04 14:26:00;309;checkout
2022-05-04 14:26:00;310;checkout
2022-05-04 14:26:00;311;dairy
2022-05-04 14:26:00;312;fruit
2022-05-04 14:26:00;313;fruit
2022-05-04 14:26:00;314;fruit
2022-05-04 14:28:00;306;spices
2022-05-04 14:28:00;310;fruit
2022-05-04 14:28:00;311;checkout
2022-05-04 14:28:00;312;checkout
2022-05-04 14:28:00;313;dairy
2022-05-04 14:28:00;314;spices
2022-05-04 14:28:00;315;fruit
2022-05-04 14:30:00;306;drinks
2022-05-04 14:30:00;310;dairy
2022-05-04 14:30:00;312;dairy
2022-05-04 14:30:00;313;fruit
2022-05-04 14:30:00;314;checkout
2022-05-04 14:30:00;315;checkout
2022-05-04 14:30:00;316;fruit
2022-05-04 14:32:00;306;checkout
2022-05-04 14:32:00;310;checkout
2022-05-04 14:32:00;312;drinks
2022-05-04 14:32:00;313;dairy
2022-05-04 14:32:00;315;drinks
2022-05-04 14:32:00;316;dairy
2022-05-04 14:32:00;317;dairy
2022-05-04 14:32:00;318;dairy
2022-05-04 14:34:00;310;fruit
2022-05-04 14:34:00;312;checkout
2022-05-04 14:34:00;313;drinks
2022-05-04 14:34:00;315;checkout
2022-05-04 14:34:00;316;checkout
2022-05-04 14:34:00;317;drinks
2022-05-04 14:34:00;318;checkout
2022-05-04 14:34:00;319;spices
2022-05-04 14:36:00;310;dairy
2022-05-04 14:36:00;313;checkout
2022-05-04 14:36:00;316;spices
2022-05-04 14:36:00;317;fruit
2022-05-04 14:36:00;319;fruit
2022-05-04 14:36:00;320;fruit
2022-05-04 14:36:00;321;fruit
2022-05-04 14:38:00;310;fruit
2022-05-04 14:38:00;316;drinks
2022-05-04 14:38:00;317;checkout
2022-05-04 14:38:00;319;checkout
2022-05-04 14:38:00;320;spices
2022-05-04 14:38:00;321;checkout
2022-05-04 14:38:00;322;dairy
2022-05-04 14:38:00;323;fruit
2022-05-04 14:40:00;310;checkout
2022-05-04 14:40:00;316;fruit
2022-05-04 14:40:00;319;fruit
2022-05-04 14:40:00;320;checkout
2022-05-04 14:40:00;322;checkout
2022-05-04 14:40:00;323;spices
2022-05-04 14:40:00;324;dairy
2022-05-04 14:40:00;325;dairy
2022-05-04 14:42:00;316;drinks
2022-05-04 14:42:00;319;dairy
2022-05-04 14:42:00;322;fruit
2022-05-04 14:42:00;323;drinks
2022-05-04 14:42:00;324;checkout
2022-05-04 14:42:00;325;spices
2022-05-04 14:42:00;326;fruit
2022-05-04 14:44:00;316;fruit
2022-05-04 14:44:00;319;checkout
2022-05-04 14:44:00;322;checkout
2022-05-04 14:44:00;323;fruit
2022-05-04 14:44:00;325;fruit
2022-05-04 14:44:00;326;dairy
2022-05-04 14:44:00;327;dairy
2022-05-04 14:46:00;316;dairy
2022-05-04 14:46:00;322;dairy
2022-05-04 14:46:00;323;checkout
2022-05-04 14:46:00;325;drinks
2022-05-04 14:46:00;326;spices
2022-05-04 14:46:00;327;checkout
2022-05-04 14:46:00;328;dairy
2022-05-04 14:46:00;329;spices
2022-05-04 14:48:00;316;checkout
2022-05-04 14:48:00;322;checkout
2022-05-04 14:48:00;325;fruit
2022-05-04 14:48:00;326;fruit
2022-05-04 14:48:00;328;spices
2022-05-04 14:48:00;329;drinks
2022-05-04 14:48:00;330;fruit
2022-05-04 14:48:00;331;drinks
2022-05-04 14:50:00;322;dairy
2022-05-04 14:50:00;325;drinks
2022-05-04 14:50:00;326;dairy
2022-05-04 14:50:00;328;fruit
2022-05-04 14:50:00;329;checkout
2022-05-04 14:50:00;330;checkout
2022-05-04 14:50:00;331;dairy
2022-05-04 14:50:00;332;dairy
2022-05-04 14:50:00;333;dairy
2022-05-04 14:52:00;322;drinks
2022-05-04 14:52:00;325;checkout
2022-05-04 14:52:00;326;checkout
2022-05-04 14:52:00;328;checkout
2022-05-04 14:52:00;330;dairy
2022-05-04 14:52:00;331;fruit
2022-05-04 14:52:00;332;fruit
2022-05-04 14:52:00;333;fruit
2022-05-04 14:52:00;334;dairy
2022-05-04 14:54:00;322;checkout
2022-05-04 14:54:00;326;fruit
2022-05-04 14:54:00;330;drinks
2022-05-04 14:54:00;331;checkout
2022-05-04 14:54:00;332;drinks
2022-05-04 14:54:00;333;checkout
2022-05-04 14:54:00;334;checkout
2022-05-04 14:54:00;335;fruit
2022-05-04 14:54:00;336;dairy
2022-05-04 14:56:00;326;checkout
2022-05-04 14:56:00;330;fruit
2022-05-04 14:56:00;332;checkout
2022-05-04 14:56:00;334;dairy
2022-05-04 14:56:00;335;checkout
2022-05-04 14:56:00;336;checkout
2022-05-04 14:56:00;337;spices
2022-05-04 14:56:00;338;dairy
2022-05-04 14:58:00;330;checkout
2022-05-04 14:58:00;334;drinks
2022-05-04 14:58:00;336;fruit
2022-05-04 14:58:00;337;dairy
2022-05-04 14:58:00;338;drinks
2022-05-04 14:58:00;339;dairy
2022-05-04 14:58:00;340;dairy
2022-05-04 15:00:00;334;checkout
2022-05-04 15:00:00;336;dairy
2022-05-04 15:00:00;337;fruit
2022-05-04 15:00:00;338;fruit
2022-05-04 15:00:00;339;checkout
2022-05-04 15:00:00;340;drinks
2022-05-04 15:00:00;341;fruit
2022-05-04 15:02:00;336;fruit
2022-05-04 15:02:00;337;checkout
2022-05-04 15:02:00;338;drinks
2022-05-04 15:02:00;340;checkout
2022-05-04 15:02:00;341;drinks
2022-05-04 15:02:00;342;dairy
2022-05-04 15:02:00;343;fruit
2022-05-04 15:04:00;336;checkout
2022-05-04 15:04:00;338;checkout
2022-05-04 15:04:00;341;checkout
2022-05-04 15:04:00;342;checkout
2022-05-04 15:04:00;343;checkout
2022-05-04 15:04:00;344;dairy
2022-05-04 15:06:00;338;drinks
2022-05-04 15:06:00;342;spices
2022-05-04 15:06:00;344;drinks
2022-05-04 15:06:00;345;dairy
2022-05-04 15:08:00;338;checkout
2022-05-04 15:08:00;342;checkout
2022-05-04 15:08:00;344;spices
2022-05-04 15:08:00;345;checkout
2022-05-04 15:08:00;346;dairy
2022-05-04 15:08:00;347;drinks
2022-05-04 15:10:00;342;fruit
2022-05-04 15:10:00;344;dairy
2022-05-04 15:10:00;346;checkout
2022-05-04 15:10:00;347;checkout
2022-05-04 15:10:00;348;fruit
2022-05-04 15:10:00;349;fruit
2022-05-04 15:12:00;342;spices
2022-05-04 15:12:00;344;checkout
2022-05-04 15:12:00;347;fruit
2022-05-04 15:12:00;348;checkout
2022-05-04 15:12:00;349;dairy
2022-05-04 15:12:00;350;dairy
2022-05-04 15:12:00;351;spices
2022-05-04 15:14:00;342;checkout
2022-05-04 15:14:00;347;dairy
2022-05-04 15:14:00;349;fruit
2022-05-04 15:14:00;350;checkout
2022-05-04 15:14:00;351;fruit
2022-05-04 15:14:00;352;dairy
2022-05-04 15:14:00;353;drinks
2022-05-04 15:16:00;347;drinks
2022-05-04 15:16:00;349;dairy
2022-05-04 15:16:00;351;checkout
2022-05-04 15:16:00;352;checkout
2022-05-04 15:16:00;353;fruit
2022-05-04 15:16:00;354;drinks
2022-05-04 15:16:00;355;dairy
2022-05-04 15:18:00;347;checkout
2022-05-04 15:18:00;349;fruit
2022-05-04 15:18:00;352;spices
2022-05-04 15:18:00;353;dairy
2022-05-04 15:18:00;354;spices
2022-05-04 15:18:00;355;drinks
2022-05-04 15:18:00;356;fruit
2022-05-04 15:20:00;349;checkout
2022-05-04 15:20:00;352;checkout
2022-05-04 15:20:00;353;spices
2022-05-04 15:20:00;354;dairy
2022-05-04 15:20:00;355;checkout
2022-05-04 15:20:00;356;dairy
2022-05-04 15:20:00;357;fruit
2022-05-04 15:22:00;352;dairy
2022-05-04 15:22:00;353;dairy
2022-05-04 15:22:00;354;fruit
2022-05-04 15:22:00;356;checkout
2022-05-04 15:22:00;357;dairy
2022-05-04 15:22:00;358;fruit
2022-05-04 15:22:00;359;dairy
2022-05-04 15:24:00;352;fruit
2022-05-04 15:24:00;353;checkout
2022-05-04 15:24:00;354;drinks
2022-05-04 15:24:00;357;drinks
2022-05-04 15:24:00;358;dairy
2022-05-04 15:24:00;359;drinks
2022-05-04 15:24:00;360;dairy
2022-05-04 15:26:00;352;drinks
2022-05-04 15:26:00;354;dairy
2022-05-04 15:26:00;357;fruit
2022-05-04 15:26:00;358;drinks
2022-05-04 15:26:00;359;checkout
2022-05-04 15:26:00;360;fruit
2022-05-04 15:26:00;361;dairy
2022-05-04 15:28:00;352;checkout
2022-05-04 15:28:00;354;checkout
2022-05-04 15:28:00;357;checkout
2022-05-04 15:28:00;358;checkout
2022-05-04 15:28:00;360;drinks
2022-05-04 15:28:00;361;spices
2022-05-04 15:28:00;362;fruit
2022-05-04 15:30:00;354;dairy
2022-05-04 15:30:00;358;spices
2022-05-04 15:30:00;360;checkout
2022-05-04 15:30:00;361;drinks
2022-05-04 15:30:00;362;checkout
2022-05-04 15:30:00;363;drinks
2022-05-04 15:30:00;364;dairy
2022-05-04 15:32:00;354;drinks
2022-05-04 15:32:00;358;dairy
2022-05-04 15:32:00;361;fruit
2022-05-04 15:32:00;363;spices
2022-05-04 15:32:00;364;checkout
2022-05-04 15:32:00;365;fruit
2022-05-04 15:34:00;354;checkout
2022-05-04 15:34:00;358;checkout
2022-05-04 15:34:00;361;checkout
2022-05-04 15:34:00;363;checkout
2022-05-04 15:34:00;365;dairy
2022-05-04 15:34:00;366;drinks
2022-05-04 15:34:00;367;fruit
2022-05-04 15:36:00;358;drinks
2022-05-04 15:36:00;363;spices
2022-05-04 15:36:00;365;fruit
2022-05-04 15:36:00;366;checkout
2022-05-04 15:36:00;367;dairy
2022-05-04 15:36:00;368;fruit
2022-05-04 15:38:00;358;checkout
2022-05-04 15:38:00;363;dairy
2022-05-04 15:38:00;365;drinks
2022-05-04 15:38:00;367;checkout
2022-05-04 15:38:00;368;checkout
2022-05-04 15:38:00;369;dairy
2022-05-04 15:38:00;370;drinks
2022-05-04 15:40:00;363;checkout
2022-05-04 15:40:00;365;checkout
2022-05-04 15:40:00;368;spices
2022-05-04 15:40:00;369;fruit
2022-05-04 15:40:00;370;checkout
2022-05-04 15:40:00;371;fruit
2022-05-04 15:42:00;365;dairy
2022-05-04 15:42:00;368;checkout
2022-05-04 15:42:00;369;spices
2022-05-04 15:42:00;371;drinks
2022-05-04 15:42:00;372;fruit
2022-05-04 15:42:00;373;dairy
2022-05-04 15:44:00;365;spices
2022-05-04 15:44:00;369;dairy
2022-05-04 15:44:00;371;fruit
2022-05-04 15:44:00;372;dairy
2022-05-04 15:44:00;373;drinks
2022-05-04 15:44:00;374;dairy
2022-05-04 15:46:00;365;dairy
2022-05-04 15:46:00;369;checkout
2022-05-04 15:46:00;371;checkout
2022-05-04 15:46:00;372;drinks
2022-05-04 15:46:00;373;checkout
2022-05-04 15:46:00;374;checkout
2022-05-04 15:46:00;375;fruit
2022-05-04 15:48:00;365;spices
2022-05-04 15:48:00;371;fruit
2022-05-04 15:48:00;372;checkout
2022-05-04 15:48:00;374;dairy
2022-05-04 15:48:00;375;checkout
2022-05-04 15:48:00;376;dairy
2022-05-04 15:50:00;365;drinks
2022-05-04 15:50:00;371;dairy
2022-05-04 15:50:00;374;spices
2022-05-04 15:50:00;376;fruit
2022-05-04 15:50:00;377;drinks
2022-05-04 15:50:00;378;dairy
2022-05-04 15:52:00;365;fruit
2022-05-04 15:52:00;371;checkout
2022-05-04 15:52:00;374;dairy
2022-05-04 15:52:00;376;checkout
2022-05-04 15:52:00;377;checkout
2022-05-04 15:52:00;378;checkout
2022-05-04 15:52:00;379;spices
2022-05-04 15:52:00;380;fruit
2022-05-04 15:54:00;365;checkout
2022-05-04 15:54:00;374;checkout
2022-05-04 15:54:00;377;drinks
2022-05-04 15:54:00;379;drinks
2022-05-04 15:54:00;380;checkout
2022-05-04 15:54:00;381;fruit
2022-05-04 15:54:00;382;fruit
2022-05-04 15:56:00;374;dairy
2022-05-04 15:56:00;377;spices
2022-05-04 15:56:00;379;checkout
2022-05-04 15:56:00;381;checkout
2022-05-04 15:56:00;382;dairy
2022-05-04 15:56:00;383;dairy
2022-05-04 15:56:00;384;spices
2022-05-04 15:58:00;374;spices
2022-05-04 15:58:00;377;drinks
2022-05-04 15:58:00;381;fruit
2022-05-04 15:58:00;382;checkout
2022-05-04 15:58:00;383;checkout
2022-05-04 15:58:00;384;dairy
2022-05-04 15:58:00;385;spices
2022-05-04 16:00:00;374;dairy
2022-05-04 16:00:00;377;checkout
2022-05-04 16:00:00;381;dairy
2022-05-04 16:00:00;383;fruit
2022-05-04 16:00:00;384;spices
2022-05-04 16:00:00;385;drinks
2022-05-04 16:00:00;386;spices
2022-05-04 16:02:00;374;checkout
2022-05-04 16:02:00;381;drinks
2022-05-04 16:02:00;383;checkout
2022-05-04 16:02:00;384;dairy
2022-05-04 16:02:00;385;spices
2022-05-04 16:02:00;386;drinks
2022-05-04 16:02:00;387;fruit
2022-05-04 16:04:00;381;checkout
2022-05-04 16:04:00;384;drinks
2022-05-04 16:04:00;385;fruit
2022-05-04 16:04:00;386;spices
2022-05-04 16:04:00;387;checkout
2022-05-04 16:04:00;388;spices
2022-05-04 16:06:00;384;fruit
2022-05-04 16:06:00;385;dairy
2022-05-04 16:06:00;386;checkout
2022-05-04 16:06:00;388;dairy
2022-05-04 16:06:00;389;fruit
2022-05-04 16:08:00;384;checkout
2022-05-04 16:08:00;385;checkout
2022-05-04 16:08:00;388;spices
2022-05-04 16:08:00;389;checkout
2022-05-04 16:08:00;390;drinks
2022-05-04 16:10:00;385;dairy
2022-05-04 16:10:00;388;fruit
2022-05-04 16:10:00;390;checkout
2022-05-04 16:10:00;391;dairy
2022-05-04 16:12:00;385;fruit
2022-05-04 16:12:00;388;checkout
2022-05-04 16:12:00;391;fruit
2022-05-04 16:12:00;392;dairy
2022-05-04 16:12:00;393;fruit
2022-05-04 16:14:00;385;checkout
2022-05-04 16:14:00;391;checkout
2022-05-04 16:14:00;392;checkout
2022-05-04 16:14:00;393;checkout
2022-05-04 16:14:00;394;fruit
2022-05-04 16:14:00;395;drinks
2022-05-04 16:16:00;391;fruit
2022-05-04 16:16:00;393;dairy
2022-05-04 16:16:00;394;checkout
2022-05-04 16:16:00;395;fruit
2022-05-04 16:16:00;396;spices
2022-05-04 16:18:00;391;checkout
2022-05-04 16:18:00;393;checkout
2022-05-04 16:18:00;395;drinks
2022-05-04 16:18:00;396;checkout
2022-05-04 16:18:00;397;spices
2022-05-04 16:20:00;393;drinks
2022-05-04 16:20:00;395;spices
2022-05-04 16:20:00;397;checkout
2022-05-04 16:20:00;398;fruit
2022-05-04 16:20:00;399;spices
2022-05-04 16:22:00;393;checkout
2022-05-04 16:22:00;395;dairy
2022-05-04 16:22:00;398;checkout
2022-05-04 16:22:00;399;drinks
2022-05-04 16:22:00;400;spices
2022-05-04 16:22:00;401;fruit
2022-05-04 16:24:00;395;checkout
2022-05-04 16:24:00;399;checkout
2022-05-04 16:24:00;400;dairy
2022-05-04 16:24:00;401;checkout
2022-05-04 16:24:00;402;drinks
2022-05-04 16:24:00;403;dairy
2022-05-04 16:26:00;399;dairy
2022-05-04 16:26:00;400;drinks
2022-05-04 16:26:00;402;spices
2022-05-04 16:26:00;403;drinks
2022-05-04 16:26:00;404;drinks
2022-05-04 16:28:00;399;fruit
2022-05-04 16:28:00;400;spices
2022-05-04 16:28:00;402;checkout
2022-05-04 16:28:00;403;checkout
2022-05-04 16:28:00;404;checkout
2022-05-04 16:28:00;405;spices
2022-05-04 16:30:00;399;spices
2022-05-04 16:30:00;400;drinks
2022-05-04 16:30:00;403;dairy
2022-05-04 16:30:00;405;fruit
2022-05-04 16:30:00;406;fruit
2022-05-04 16:32:00;399;dairy
2022-05-04 16:32:00;400;fruit
2022-05-04 16:32:00;403;checkout
2022-05-04 16:32:00;405;dairy
2022-05-04 16:32:00;406;checkout
2022-05-04 16:32:00;407;fruit
2022-05-04 16:32:00;408;fruit
2022-05-04 16:32:00;409;spices
2022-05-04 16:34:00;399;checkout
2022-05-04 16:34:00;400;checkout
2022-05-04 16:34:00;405;fruit
2022-05-04 16:34:00;407;checkout
2022-05-04 16:34:00;408;dairy
2022-05-04 16:34:00;409;fruit
2022-05-04 16:34:00;410;fruit
2022-05-04 16:34:00;411;drinks
2022-05-04 16:34:00;412;dairy
2022-05-04 16:36:00;400;fruit
2022-05-04 16:36:00;405;checkout
2022-05-04 16:36:00;408;checkout
2022-05-04 16:36:00;409;checkout
2022-05-04 16:36:00;410;spices
2022-05-04 16:36:00;411;checkout
2022-05-04 16:36:00;412;fruit
2022-05-04 16:36:00;413;spices
2022-05-04 16:36:00;414;spices
2022-05-04 16:38:00;400;dairy
2022-05-04 16:38:00;408;spices
2022-05-04 16:38:00;410;fruit
2022-05-04 16:38:00;412;checkout
2022-05-04 16:38:00;413;dairy
2022-05-04 16:38:00;414;drinks
2022-05-04 16:38:00;415;drinks
2022-05-04 16:38:00;416;fruit
2022-05-04 16:40:00;400;fruit
2022-05-04 16:40:00;408;drinks
2022-05-04 16:40:00;410;drinks
2022-05-04 16:40:00;413;checkout
2022-05-04 16:40:00;414;checkout
2022-05-04 16:40:00;415;checkout
2022-05-04 16:40:00;416;drinks
2022-05-04 16:40:00;417;spices
2022-05-04 16:42:00;400;checkout
2022-05-04 16:42:00;408;checkout
2022-05-04 16:42:00;410;checkout
2022-05-04 16:42:00;414;spices
2022-05-04 16:42:00;416;checkout
2022-05-04 16:42:00;417;drinks
2022-05-04 16:42:00;418;fruit
2022-05-04 16:42:00;419;fruit
2022-05-04 16:44:00;408;dairy
2022-05-04 16:44:00;414;drinks
2022-05-04 16:44:00;417;fruit
2022-05-04 16:44:00;418;checkout
2022-05-04 16:44:00;419;dairy
2022-05-04 16:44:00;420;spices
2022-05-04 16:46:00;408;spices
2022-05-04 16:46:00;414;checkout
2022-05-04 16:46:00;417;checkout
2022-05-04 16:46:00;419;drinks
2022-05-04 16:46:00;420;fruit
2022-05-04 16:46:00;421;spices
2022-05-04 16:46:00;422;spices
2022-05-04 16:46:00;423;dairy
2022-05-04 16:48:00;408;drinks
2022-05-04 16:48:00;417;drinks
2022-05-04 16:48:00;419;spices
2022-05-04 16:48:00;420;drinks
2022-05-04 16:48:00;421;checkout
2022-05-04 16:48:00;422;drinks
2022-05-04 16:48:00;423;checkout
2022-05-04 16:48:00;424;drinks
2022-05-04 16:50:00;408;checkout
2022-05-04 16:50:00;417;fruit
2022-05-04 16:50:00;419;dairy
2022-05-04 16:50:00;420;fruit
2022-05-04 16:50:00;422;fruit
2022-05-04 16:50:00;424;spices
2022-05-04 16:50:00;425;fruit
2022-05-04 16:50:00;426;dairy
2022-05-04 16:52:00;417;spices
2022-05-04 16:52:00;419;checkout
2022-05-04 16:52:00;420;dairy
2022-05-04 16:52:00;422;checkout
2022-05-04 16:52:00;424;dairy
2022-05-04 16:52:00;425;checkout
2022-05-04 16:52:00;426;drinks
2022-05-04 16:52:00;427;fruit
2022-05-04 16:54:00;417;checkout
2022-05-04 16:54:00;420;checkout
2022-05-04 16:54:00;424;drinks
2022-05-04 16:54:00;426;fruit
2022-05-04 16:54:00;427;checkout
2022-05-04 16:54:00;428;spices
2022-05-04 16:54:00;429;drinks
2022-05-04 16:56:00;420;spices
2022-05-04 16:56:00;424;fruit
2022-05-04 16:56:00;426;drinks
2022-05-04 16:56:00;428;dairy
2022-05-04 16:56:00;429;spices
2022-05-04 16:56:00;430;fruit
2022-05-04 16:56:00;431;fruit
2022-05-04 16:56:00;432;fruit
2022-05-04 16:58:00;420;checkout
2022-05-04 16:58:00;424;checkout
2022-05-04 16:58:00;426;checkout
2022-05-04 16:58:00;428;checkout
2022-05-04 16:58:00;429;checkout
2022-05-04 16:58:00;430;drinks
2022-05-04 16:58:00;431;dairy
2022-05-04 16:58:00;432;drinks
2022-05-04 16:58:00;433;drinks
2022-05-04 16:58:00;434;dairy
2022-05-04 17:00:00;424;dairy
2022-05-04 17:00:00;428;fruit
2022-05-04 17:00:00;430;spices
2022-05-04 17:00:00;431;drinks
2022-05-04 17:00:00;432;checkout
2022-05-04 17:00:00;433;fruit
2022-05-04 17:00:00;434;drinks
2022-05-04 17:00:00;435;fruit
2022-05-04 17:00:00;436;spices
2022-05-04 17:02:00;424;checkout
2022-05-04 17:02:00;428;spices
2022-05-04 17:02:00;430;checkout
2022-05-04 17:02:00;431;checkout
2022-05-04 17:02:00;433;checkout
2022-05-04 17:02:00;434;spices
2022-05-04 17:02:00;435;drinks
2022-05-04 17:02:00;436;checkout
2022-05-04 17:02:00;437;spices
2022-05-04 17:04:00;428;fruit
2022-05-04 17:04:00;431;dairy
2022-05-04 17:04:00;434;checkout
2022-05-04 17:04:00;435;checkout
2022-05-04 17:04:00;437;checkout
2022-05-04 17:04:00;438;fruit
2022-05-04 17:04:00;439;dairy
2022-05-04 17:04:00;440;fruit
2022-05-04 17:06:00;428;checkout
2022-05-04 17:06:00;431;drinks
2022-05-04 17:06:00;435;dairy
2022-05-04 17:06:00;438;checkout
2022-05-04 17:06:00;439;spices
2022-05-04 17:06:00;440;checkout
2022-05-04 17:06:00;441;spices
2022-05-04 17:06:00;442;spices
2022-05-04 17:06:00;443;dairy
2022-05-04 17:08:00;431;checkout
2022-05-04 17:08:00;435;drinks
2022-05-04 17:08:00;439;drinks
2022-05-04 17:08:00;441;drinks
2022-05-04 17:08:00;442;fruit
2022-05-04 17:08:00;443;checkout
2022-05-04 17:08:00;444;spices
2022-05-04 17:08:00;445;fruit
2022-05-04 17:10:00;435;fruit
2022-05-04 17:10:00;439;fruit
2022-05-04 17:10:00;441;spices
2022-05-04 17:10:00;442;checkout
2022-05-04 17:10:00;444;checkout
2022-05-04 17:10:00;445;drinks
2022-05-04 17:10:00;446;dairy
2022-05-04 17:12:00;435;drinks
2022-05-04 17:12:00;439;checkout
2022-05-04 17:12:00;441;drinks
2022-05-04 17:12:00;444;dairy
2022-05-04 17:12:00;445;checkout
2022-05-04 17:12:00;446;checkout
2022-05-04 17:12:00;447;fruit
2022-05-04 17:12:00;448;spices
2022-05-04 17:12:00;449;spices
2022-05-04 17:14:00;435;checkout
2022-05-04 17:14:00;441;checkout
2022-05-04 17:14:00;444;spices
2022-05-04 17:14:00;446;dairy
2022-05-04 17:14:00;447;dairy
2022-05-04 17:14:00;448;drinks
2022-05-04 17:14:00;449;dairy
2022-05-04 17:14:00;450;drinks
2022-05-04 17:14:00;451;dairy
2022-05-04 17:16:00;441;fruit
2022-05-04 17:16:00;444;dairy
2022-05-04 17:16:00;446;drinks
2022-05-04 17:16:00;447;fruit
2022-05-04 17:16:00;448;checkout
2022-05-04 17:16:00;449;drinks
2022-05-04 17:16:00;450;checkout
2022-05-04 17:16:00;451;spices
2022-05-04 17:16:00;452;fruit
2022-05-04 17:16:00;453;fruit
2022-05-04 17:18:00;441;spices
2022-05-04 17:18:00;444;checkout
2022-05-04 17:18:00;446;spices
2022-05-04 17:18:00;447;checkout
2022-05-04 17:18:00;449;checkout
2022-05-04 17:18:00;451;dairy
2022-05-04 17:18:00;452;checkout
2022-05-04 17:18:00;453;spices
2022-05-04 17:18:00;454;dairy
2022-05-04 17:20:00;441;dairy
2022-05-04 17:20:00;446;drinks
2022-05-04 17:20:00;449;dairy
2022-05-04 17:20:00;451;fruit
2022-05-04 17:20:00;453;checkout
2022-05-04 17:20:00;454;checkout
2022-05-04 17:20:00;455;drinks
2022-05-04 17:22:00;441;checkout
2022-05-04 17:22:00;446;checkout
2022-05-04 17:22:00;449;fruit
2022-05-04 17:22:00;451;checkout
2022-05-04 17:22:00;454;dairy
2022-05-04 17:22:00;455;dairy
2022-05-04 17:22:00;456;dairy
2022-05-04 17:22:00;457;fruit
2022-05-04 17:24:00;446;spices
2022-05-04 17:24:00;449;checkout
2022-05-04 17:24:00;454;checkout
2022-05-04 17:24:00;455;spices
2022-05-04 17:24:00;456;drinks
2022-05-04 17:24:00;457;dairy
2022-05-04 17:24:00;458;fruit
2022-05-04 17:24:00;459;fruit
2022-05-04 17:26:00;446;dairy
2022-05-04 17:26:00;454;dairy
2022-05-04 17:26:00;455;fruit
2022-05-04 17:26:00;456;checkout
2022-05-04 17:26:00;457;drinks
2022-05-04 17:26:00;458;checkout
2022-05-04 17:26:00;459;checkout
2022-05-04 17:26:00;460;fruit
2022-05-04 17:26:00;461;dairy
2022-05-04 17:28:00;446;spices
2022-05-04 17:28:00;454;drinks
2022-05-04 17:28:00;455;checkout
2022-05-04 17:28:00;457;checkout
2022-05-04 17:28:00;459;drinks
2022-05-04 17:28:00;460;checkout
2022-05-04 17:28:00;461;spices
2022-05-04 17:28:00;462;dairy
2022-05-04 17:28:00;463;spices
2022-05-04 17:28:00;464;spices
2022-05-04 17:30:00;446;fruit
2022-05-04 17:30:00;454;fruit
2022-05-04 17:30:00;457;fruit
2022-05-04 17:30:00;459;checkout
2022-05-04 17:30:00;461;dairy
2022-05-04 17:30:00;462;fruit
2022-05-04 17:30:00;463;fruit
2022-05-04 17:30:00;464;drinks
2022-05-04 17:30:00;465;drinks
2022-05-04 17:30:00;466;dairy
2022-05-04 17:32:00;446;dairy
2022-05-04 17:32:00;454;dairy
2022-05-04 17:32:00;457;dairy
2022-05-04 17:32:00;461;checkout
2022-05-04 17:32:00;462;checkout
2022-05-04 17:32:00;463;checkout
2022-05-04 17:32:00;464;spices
2022-05-04 17:32:00;465;checkout
2022-05-04 17:32:00;466;checkout
2022-05-04 17:32:00;467;fruit
2022-05-04 17:32:00;468;fruit
2022-05-04 17:32:00;469;dairy
2022-05-04 17:34:00;446;spices
2022-05-04 17:34:00;454;spices
2022-05-04 17:34:00;457;checkout
2022-05-04 17:34:00;462;fruit
2022-05-04 17:34:00;464;drinks
2022-05-04 17:34:00;466;dairy
2022-05-04 17:34:00;467;spices
2022-05-04 17:34:00;468;drinks
2022-05-04 17:34:00;469;drinks
2022-05-04 17:34:00;470;fruit
2022-05-04 17:36:00;446;dairy
2022-05-04 17:36:00;454;drinks
2022-05-04 17:36:00;462;checkout
2022-05-04 17:36:00;464;spices
2022-05-04 17:36:00;466;fruit
2022-05-04 17:36:00;467;checkout
2022-05-04 17:36:00;468;fruit
2022-05-04 17:36:00;469;checkout
2022-05-04 17:36:00;470;drinks
2022-05-04 17:36:00;471;spices
2022-05-04 17:36:00;472;dairy
2022-05-04 17:36:00;473;dairy
2022-05-04 17:38:00;446;spices
2022-05-04 17:38:00;454;checkout
2022-05-04 17:38:00;464;checkout
2022-05-04 17:38:00;466;checkout
2022-05-04 17:38:00;468;checkout
2022-05-04 17:38:00;470;checkout
2022-05-04 17:38:00;471;dairy
2022-05-04 17:38:00;472;drinks
2022-05-04 17:38:00;473;drinks
2022-05-04 17:38:00;474;fruit
2022-05-04 17:40:00;446;dairy
2022-05-04 17:40:00;464;dairy
2022-05-04 17:40:00;468;drinks
2022-05-04 17:40:00;471;checkout
2022-05-04 17:40:00;472;checkout
2022-05-04 17:40:00;473;spices
2022-05-04 17:40:00;474;checkout
2022-05-04 17:40:00;475;dairy
2022-05-04 17:40:00;476;dairy
2022-05-04 17:40:00;477;dairy
2022-05-04 17:42:00;446;checkout
2022-05-04 17:42:00;464;spices
2022-05-04 17:42:00;468;checkout
2022-05-04 17:42:00;472;dairy
2022-05-04 17:42:00;473;dairy
2022-05-04 17:42:00;475;drinks
2022-05-04 17:42:00;476;spices
2022-05-04 17:42:00;477;fruit
2022-05-04 17:42:00;478;fruit
2022-05-04 17:44:00;464;checkout
2022-05-04 17:44:00;472;drinks
2022-05-04 17:44:00;473;checkout
2022-05-04 17:44:00;475;checkout
2022-05-04 17:44:00;476;drinks
2022-05-04 17:44:00;477;checkout
2022-05-04 17:44:00;478;checkout
2022-05-04 17:44:00;479;fruit
2022-05-04 17:44:00;480;fruit
2022-05-04 17:46:00;472;fruit
2022-05-04 17:46:00;475;dairy
2022-05-04 17:46:00;476;checkout
2022-05-04 17:46:00;478;drinks
2022-05-04 17:46:00;479;drinks
2022-05-04 17:46:00;480;checkout
2022-05-04 17:46:00;481;dairy
2022-05-04 17:46:00;482;drinks
2022-05-04 17:48:00;472;checkout
2022-05-04 17:48:00;475;checkout
2022-05-04 17:48:00;478;checkout
2022-05-04 17:48:00;479;checkout
2022-05-04 17:48:00;481;spices
2022-05-04 17:48:00;482;checkout
2022-05-04 17:48:00;483;fruit
2022-05-04 17:48:00;484;drinks
2022-05-04 17:48:00;485;spices
2022-05-04 17:50:00;475;fruit
2022-05-04 17:50:00;479;fruit
2022-05-04 17:50:00;481;checkout
2022-05-04 17:50:00;483;checkout
2022-05-04 17:50:00;484;spices
2022-05-04 17:50:00;485;dairy
2022-05-04 17:50:00;486;fruit
2022-05-04 17:50:00;487;fruit
2022-05-04 17:50:00;488;fruit
2022-05-04 17:52:00;475;checkout
2022-05-04 17:52:00;479;checkout
2022-05-04 17:52:00;483;drinks
2022-05-04 17:52:00;484;dairy
2022-05-04 17:52:00;485;checkout
2022-05-04 17:52:00;486;dairy
2022-05-04 17:52:00;487;dairy
2022-05-04 17:52:00;488;checkout
2022-05-04 17:52:00;489;drinks
2022-05-04 17:52:00;490;dairy
2022-05-04 17:52:00;491;drinks
2022-05-04 17:54:00;479;fruit
2022-05-04 17:54:00;483;fruit
2022-05-04 17:54:00;484;spices
2022-05-04 17:54:00;486;drinks
2022-05-04 17:54:00;487;fruit
2022-05-04 17:54:00;489;checkout
2022-05-04 17:54:00;490;fruit
2022-05-04 17:54:00;491;fruit
2022-05-04 17:54:00;492;fruit
2022-05-04 17:54:00;493;fruit
2022-05-04 17:56:00;479;drinks
2022-05-04 17:56:00;483;dairy
2022-05-04 17:56:00;484;dairy
2022-05-04 17:56:00;486;fruit
2022-05-04 17:56:00;487;checkout
2022-05-04 17:56:00;490;spices
2022-05-04 17:56:00;491;spices
2022-05-04 17:56:00;492;checkout
2022-05-04 17:56:00;493;dairy
2022-05-04 17:56:00;494;spices
2022-05-04 17:56:00;495;spices
2022-05-04 17:58:00;479;fruit
2022-05-04 17:58:00;483;spices
2022-05-04 17:58:00;484;checkout
2022-05-04 17:58:00;486;checkout
2022-05-04 17:58:00;490;fruit
2022-05-04 17:58:00;491;dairy
2022-05-04 17:58:00;493;checkout
2022-05-04 17:58:00;494;dairy
2022-05-04 17:58:00;495;dairy
2022-05-04 17:58:00;496;dairy
2022-05-04 17:58:00;497;fruit
2022-05-04 18:00:00;479;checkout
2022-05-04 18:00:00;483;fruit
2022-05-04 18:00:00;486;drinks
2022-05-04 18:00:00;490;spices
2022-05-04 18:00:00;491;spices
2022-05-04 18:00:00;494;checkout
2022-05-04 18:00:00;495;checkout
2022-05-04 18:00:00;496;checkout
2022-05-04 18:00:00;497;dairy
2022-05-04 18:00:00;498;fruit
2022-05-04 18:00:00;499;drinks
2022-05-04 18:00:00;500;spices
2022-05-04 18:02:00;483;checkout
2022-05-04 18:02:00;486;checkout
2022-05-04 18:02:00;490;dairy
2022-05-04 18:02:00;491;checkout
2022-05-04 18:02:00;495;drinks
2022-05-04 18:02:00;497;checkout
2022-05-04 18:02:00;498;checkout
2022-05-04 18:02:00;499;fruit
2022-05-04 18:02:00;500;dairy
2022-05-04 18:02:00;501;fruit
2022-05-04 18:02:00;502;fruit
2022-05-04 18:04:00;486;fruit
2022-05-04 18:04:00;490;drinks
2022-05-04 18:04:00;495;checkout
2022-05-04 18:04:00;498;spices
2022-05-04 18:04:00;499;checkout
2022-05-04 18:04:00;500;checkout
2022-05-04 18:04:00;501;spices
2022-05-04 18:04:00;502;dairy
2022-05-04 18:04:00;503;fruit
2022-05-04 18:04:00;504;dairy
2022-05-04 18:06:00;486;checkout
2022-05-04 18:06:00;490;spices
2022-05-04 18:06:00;498;drinks
2022-05-04 18:06:00;500;dairy
2022-05-04 18:06:00;501;drinks
2022-05-04 18:06:00;502;drinks
2022-05-04 18:06:00;503;checkout
2022-05-04 18:06:00;504;checkout
2022-05-04 18:06:00;505;fruit
2022-05-04 18:06:00;506;dairy
2022-05-04 18:06:00;507;drinks
2022-05-04 18:08:00;490;fruit
2022-05-04 18:08:00;498;fruit
2022-05-04 18:08:00;500;fruit
2022-05-04 18:08:00;501;checkout
2022-05-04 18:08:00;502;checkout
2022-05-04 18:08:00;504;fruit
2022-05-04 18:08:00;505;spices
2022-05-04 18:08:00;506;drinks
2022-05-04 18:08:00;507;spices
2022-05-04 18:08:00;508;fruit
2022-05-04 18:08:00;509;fruit
2022-05-04 18:08:00;510;dairy
2022-05-04 18:10:00;490;checkout
2022-05-04 18:10:00;498;spices
2022-05-04 18:10:00;500;checkout
2022-05-04 18:10:00;502;fruit
2022-05-04 18:10:00;504;dairy
2022-05-04 18:10:00;505;checkout
2022-05-04 18:10:00;506;checkout
2022-05-04 18:10:00;507;dairy
2022-05-04 18:10:00;508;drinks
2022-05-04 18:10:00;509;checkout
2022-05-04 18:10:00;510;checkout
2022-05-04 18:10:00;511;dairy
2022-05-04 18:10:00;512;drinks
2022-05-04 18:10:00;513;fruit
2022-05-04 18:12:00;498;drinks
2022-05-04 18:12:00;502;drinks
2022-05-04 18:12:00;504;checkout
2022-05-04 18:12:00;506;fruit
2022-05-04 18:12:00;507;fruit
2022-05-04 18:12:00;508;checkout
2022-05-04 18:12:00;510;dairy
2022-05-04 18:12:00;511;fruit
2022-05-04 18:12:00;512;spices
2022-05-04 18:12:00;513;checkout
2022-05-04 18:12:00;514;fruit
2022-05-04 18:14:00;498;checkout
2022-05-04 18:14:00;502;fruit
2022-05-04 18:14:00;506;dairy
2022-05-04 18:14:00;507;checkout
2022-05-04 18:14:00;510;checkout
2022-05-04 18:14:00;511;checkout
2022-05-04 18:14:00;512;checkout
2022-05-04 18:14:00;514;checkout
2022-05-04 18:14:00;515;spices
2022-05-04 18:14:00;516;fruit
2022-05-04 18:14:00;517;drinks
2022-05-04 18:16:00;502;checkout
2022-05-04 18:16:00;506;checkout
2022-05-04 18:16:00;510;dairy
2022-05-04 18:16:00;512;fruit
2022-05-04 18:16:00;515;fruit
2022-05-04 18:16:00;516;dairy
2022-05-04 18:16:00;517;checkout
2022-05-04 18:16:00;518;spices
2022-05-04 18:18:00;506;fruit
2022-05-04 18:18:00;510;drinks
2022-05-04 18:18:00;512;drinks
2022-05-04 18:18:00;515;dairy
2022-05-04 18:18:00;516;spices
2022-05-04 18:18:00;518;dairy
2022-05-04 18:18:00;519;fruit
2022-05-04 18:20:00;506;spices
2022-05-04 18:20:00;510;checkout
2022-05-04 18:20:00;512;checkout
2022-05-04 18:20:00;515;spices
2022-05-04 18:20:00;516;dairy
2022-05-04 18:20:00;518;fruit
2022-05-04 18:20:00;519;checkout
2022-05-04 18:20:00;520;spices
2022-05-04 18:20:00;521;drinks
2022-05-04 18:22:00;506;drinks
2022-05-04 18:22:00;512;fruit
2022-05-04 18:22:00;515;checkout
2022-05-04 18:22:00;516;checkout
2022-05-04 18:22:00;518;drinks
2022-05-04 18:22:00;520;drinks
2022-05-04 18:22:00;521;spices
2022-05-04 18:22:00;522;spices
2022-05-04 18:22:00;523;fruit
2022-05-04 18:22:00;524;drinks
2022-05-04 18:24:00;506;checkout
2022-05-04 18:24:00;512;dairy
2022-05-04 18:24:00;516;fruit
2022-05-04 18:24:00;518;fruit
2022-05-04 18:24:00;520;spices
2022-05-04 18:24:00;521;dairy
2022-05-04 18:24:00;522;checkout
2022-05-04 18:24:00;523;dairy
2022-05-04 18:24:00;524;fruit
2022-05-04 18:24:00;525;fruit
2022-05-04 18:24:00;526;dairy
2022-05-04 18:24:00;527;dairy
2022-05-04 18:26:00;512;spices
2022-05-04 18:26:00;516;checkout
2022-05-04 18:26:00;518;spices
2022-05-04 18:26:00;520;checkout
2022-05-04 18:26:00;521;checkout
2022-05-04 18:26:00;523;spices
2022-05-04 18:26:00;524;checkout
2022-05-04 18:26:00;525;spices
2022-05-04 18:26:00;526;drinks
2022-05-04 18:26:00;527;drinks
2022-05-04 18:26:00;528;dairy
2022-05-04 18:26:00;529;spices
2022-05-04 18:28:00;512;dairy
2022-05-04 18:28:00;518;drinks
2022-05-04 18:28:00;521;drinks
2022-05-04 18:28:00;523;drinks
2022-05-04 18:28:00;525;checkout
2022-05-04 18:28:00;526;checkout
2022-05-04 18:28:00;527;checkout
2022-05-04 18:28:00;528;spices
2022-05-04 18:28:00;529;dairy
2022-05-04 18:28:00;530;dairy
2022-05-04 18:28:00;531;dairy
2022-05-04 18:30:00;512;drinks
2022-05-04 18:30:00;518;spices
2022-05-04 18:30:00;521;checkout
2022-05-04 18:30:00;523;spices
2022-05-04 18:30:00;526;fruit
2022-05-04 18:30:00;528;drinks
2022-05-04 18:30:00;529;checkout
2022-05-04 18:30:00;530;checkout
2022-05-04 18:30:00;531;checkout
2022-05-04 18:30:00;532;fruit
2022-05-04 18:32:00;512;checkout
2022-05-04 18:32:00;518;dairy
2022-05-04 18:32:00;523;fruit
2022-05-04 18:32:00;526;spices
2022-05-04 18:32:00;528;fruit
2022-05-04 18:32:00;530;dairy
2022-05-04 18:32:00;532;spices
2022-05-04 18:32:00;533;dairy
2022-05-04 18:34:00;518;spices
2022-05-04 18:34:00;523;checkout
2022-05-04 18:34:00;526;dairy
2022-05-04 18:34:00;528;checkout
2022-05-04 18:34:00;530;spices
2022-05-04 18:34:00;532;dairy
2022-05-04 18:34:00;533;checkout
2022-05-04 18:34:00;534;fruit
2022-05-04 18:34:00;535;spices
2022-05-04 18:34:00;536;spices
2022-05-04 18:36:00;518;drinks
2022-05-04 18:36:00;526;fruit
2022-05-04 18:36:00;530;dairy
2022-05-04 18:36:00;532;checkout
2022-05-04 18:36:00;534;dairy
2022-05-04 18:36:00;535;fruit
2022-05-04 18:36:00;536;drinks
2022-05-04 18:36:00;537;drinks
2022-05-04 18:38:00;518;checkout
2022-05-04 18:38:00;526;checkout
2022-05-04 18:38:00;530;spices
2022-05-04 18:38:00;534;checkout
2022-05-04 18:38:00;535;checkout
2022-05-04 18:38:00;536;checkout
2022-05-04 18:38:00;537;checkout
2022-05-04 18:38:00;538;dairy
2022-05-04 18:38:00;539;dairy
2022-05-04 18:38:00;540;drinks
2022-05-04 18:40:00;526;fruit
2022-05-04 18:40:00;530;fruit
2022-05-04 18:40:00;535;fruit
2022-05-04 18:40:00;537;fruit
2022-05-04 18:40:00;538;drinks
2022-05-04 18:40:00;539;checkout
2022-05-04 18:40:00;540;checkout
2022-05-04 18:40:00;541;spices
2022-05-04 18:42:00;526;dairy
2022-05-04 18:42:00;530;spices
2022-05-04 18:42:00;535;checkout
2022-05-04 18:42:00;537;checkout
2022-05-04 18:42:00;538;checkout
2022-05-04 18:42:00;540;spices
2022-05-04 18:42:00;541;fruit
2022-05-04 18:42:00;542;dairy
2022-05-04 18:42:00;543;drinks
2022-05-04 18:44:00;526;checkout
2022-05-04 18:44:00;530;checkout
2022-05-04 18:44:00;537;spices
2022-05-04 18:44:00;540;dairy
2022-05-04 18:44:00;541;drinks
2022-05-04 18:44:00;542;checkout
2022-05-04 18:44:00;543;spices
2022-05-04 18:44:00;544;dairy
2022-05-04 18:44:00;545;spices
2022-05-04 18:46:00;530;fruit
2022-05-04 18:46:00;537;dairy
2022-05-04 18:46:00;540;checkout
2022-05-04 18:46:00;541;checkout
2022-05-04 18:46:00;543;fruit
2022-05-04 18:46:00;544;spices
2022-05-04 18:46:00;545;dairy
2022-05-04 18:46:00;546;fruit
2022-05-04 18:46:00;547;drinks
2022-05-04 18:48:00;530;spices
2022-05-04 18:48:00;537;drinks
2022-05-04 18:48:00;541;drinks
2022-05-04 18:48:00;543;checkout
2022-05-04 18:48:00;544;dairy
2022-05-04 18:48:00;545;checkout
2022-05-04 18:48:00;546;checkout
2022-05-04 18:48:00;547;checkout
2022-05-04 18:48:00;548;fruit
2022-05-04 18:48:00;549;spices
2022-05-04 18:50:00;530;checkout
2022-05-04 18:50:00;537;checkout
2022-05-04 18:50:00;541;spices
2022-05-04 18:50:00;544;checkout
2022-05-04 18:50:00;546;drinks
2022-05-04 18:50:00;548;dairy
2022-05-04 18:50:00;549;checkout
2022-05-04 18:50:00;550;fruit
2022-05-04 18:52:00;537;drinks
2022-05-04 18:52:00;541;checkout
2022-05-04 18:52:00;546;fruit
2022-05-04 18:52:00;548;fruit
2022-05-04 18:52:00;550;dairy
2022-05-04 18:52:00;551;dairy
2022-05-04 18:52:00;552;spices
2022-05-04 18:52:00;553;dairy
2022-05-04 18:54:00;537;checkout
2022-05-04 18:54:00;546;checkout
2022-05-04 18:54:00;548;checkout
2022-05-04 18:54:00;550;drinks
2022-05-04 18:54:00;551;spices
2022-05-04 18:54:00;552;dairy
2022-05-04 18:54:00;553;checkout
2022-05-04 18:54:00;554;spices
2022-05-04 18:54:00;555;dairy
2022-05-04 18:54:00;556;spices
2022-05-04 18:56:00;546;dairy
2022-05-04 18:56:00;550;spices
2022-05-04 18:56:00;551;drinks
2022-05-04 18:56:00;552;drinks
2022-05-04 18:56:00;554;dairy
2022-05-04 18:56:00;555;drinks
2022-05-04 18:56:00;556;drinks
2022-05-04 18:56:00;557;dairy
2022-05-04 18:56:00;558;spices
2022-05-04 18:56:00;559;spices
2022-05-04 18:58:00;546;drinks
2022-05-04 18:58:00;550;dairy
2022-05-04 18:58:00;551;checkout
2022-05-04 18:58:00;552;checkout
2022-05-04 18:58:00;554;checkout
2022-05-04 18:58:00;555;fruit
2022-05-04 18:58:00;556;checkout
2022-05-04 18:58:00;557;spices
2022-05-04 18:58:00;558;checkout
2022-05-04 18:58:00;559;drinks
2022-05-04 18:58:00;560;fruit
2022-05-04 18:58:00;561;dairy
2022-05-04 19:00:00;546;checkout
2022-05-04 19:00:00;550;drinks
2022-05-04 19:00:00;552;spices
2022-05-04 19:00:00;555;spices
2022-05-04 19:00:00;557;fruit
2022-05-04 19:00:00;559;spices
2022-05-04 19:00:00;560;checkout
2022-05-04 19:00:00;561;drinks
2022-05-04 19:00:00;562;fruit
2022-05-04 19:00:00;563;drinks
2022-05-04 19:00:00;564;drinks
2022-05-04 19:02:00;550;checkout
2022-05-04 19:02:00;552;checkout
2022-05-04 19:02:00;555;dairy
2022-05-04 19:02:00;557;checkout
2022-05-04 19:02:00;559;checkout
2022-05-04 19:02:00;561;checkout
2022-05-04 19:02:00;562;spices
2022-05-04 19:02:00;563;checkout
2022-05-04 19:02:00;564;spices
2022-05-04 19:02:00;565;spices
2022-05-04 19:02:00;566;dairy
2022-05-04 19:04:00;552;fruit
2022-05-04 19:04:00;555;checkout
2022-05-04 19:04:00;559;drinks
2022-05-04 19:04:00;562;checkout
2022-05-04 19:04:00;564;dairy
2022-05-04 19:04:00;565;dairy
2022-05-04 19:04:00;566;drinks
2022-05-04 19:04:00;567;fruit
2022-05-04 19:04:00;568;spices
2022-05-04 19:04:00;569;drinks
2022-05-04 19:06:00;552;checkout
2022-05-04 19:06:00;559;checkout
2022-05-04 19:06:00;564;fruit
2022-05-04 19:06:00;565;spices
2022-05-04 19:06:00;566;checkout
2022-05-04 19:06:00;567;spices
2022-05-04 19:06:00;568;drinks
2022-05-04 19:06:00;569;spices
2022-05-04 19:06:00;570;dairy
2022-05-04 19:08:00;559;drinks
2022-05-04 19:08:00;564;spices
2022-05-04 19:08:00;565;dairy
2022-05-04 19:08:00;567;checkout
2022-05-04 19:08:00;568;checkout
2022-05-04 19:08:00;569;checkout
2022-05-04 19:08:00;570;fruit
2022-05-04 19:08:00;571;spices
2022-05-04 19:08:00;572;dairy
2022-05-04 19:08:00;573;drinks
2022-05-04 19:10:00;559;checkout
2022-05-04 19:10:00;564;fruit
2022-05-04 19:10:00;565;drinks
2022-05-04 19:10:00;568;spices
2022-05-04 19:10:00;570;checkout
2022-05-04 19:10:00;571;checkout
2022-05-04 19:10:00;572;spices
2022-05-04 19:10:00;573;spices
2022-05-04 19:10:00;574;dairy
2022-05-04 19:10:00;575;dairy
2022-05-04 19:12:00;564;dairy
2022-05-04 19:12:00;565;fruit
2022-05-04 19:12:00;568;dairy
2022-05-04 19:12:00;571;dairy
2022-05-04 19:12:00;572;fruit
2022-05-04 19:12:00;573;drinks
2022-05-04 19:12:00;574;checkout
2022-05-04 19:12:00;575;checkout
2022-05-04 19:12:00;576;drinks
2022-05-04 19:12:00;577;dairy
2022-05-04 19:12:00;578;fruit
2022-05-04 19:14:00;564;fruit
2022-05-04 19:14:00;565;drinks
2022-05-04 19:14:00;568;spices
2022-05-04 19:14:00;571;checkout
2022-05-04 19:14:00;572;spices
2022-05-04 19:14:00;573;checkout
2022-05-04 19:14:00;575;fruit
2022-05-04 19:14:00;576;checkout
2022-05-04 19:14:00;577;fruit
2022-05-04 19:14:00;578;checkout
2022-05-04 19:14:00;579;dairy
2022-05-04 19:14:00;580;spices
2022-05-04 19:14:00;581;fruit
2022-05-04 19:16:00;564;checkout
2022-05-04 19:16:00;565;checkout
2022-05-04 19:16:00;568;dairy
2022-05-04 19:16:00;572;fruit
2022-05-04 19:16:00;575;drinks
2022-05-04 19:16:00;577;checkout
2022-05-04 19:16:00;579;spices
2022-05-04 19:16:00;580;fruit
2022-05-04 19:16:00;581;checkout
2022-05-04 19:16:00;582;drinks
2022-05-04 19:16:00;583;fruit
2022-05-04 19:16:00;584;fruit
2022-05-04 19:18:00;565;dairy
2022-05-04 19:18:00;568;drinks
2022-05-04 19:18:00;572;checkout
2022-05-04 19:18:00;575;checkout
2022-05-04 19:18:00;579;drinks
2022-05-04 19:18:00;580;dairy
2022-05-04 19:18:00;582;checkout
2022-05-04 19:18:00;583;spices
2022-05-04 19:18:00;584;checkout
2022-05-04 19:18:00;585;drinks
2022-05-04 19:18:00;586;drinks
2022-05-04 19:18:00;587;fruit
2022-05-04 19:20:00;565;drinks
2022-05-04 19:20:00;568;checkout
2022-05-04 19:20:00;575;fruit
2022-05-04 19:20:00;579;checkout
2022-05-04 19:20:00;580;fruit
2022-05-04 19:20:00;583;drinks
2022-05-04 19:20:00;585;checkout
2022-05-04 19:20:00;586;checkout
2022-05-04 19:20:00;587;drinks
2022-05-04 19:20:00;588;dairy
2022-05-04 19:20:00;589;fruit
2022-05-04 19:20:00;590;spices
2022-05-04 19:22:00;565;spices
2022-05-04 19:22:00;575;checkout
2022-05-04 19:22:00;580;checkout
2022-05-04 19:22:00;583;checkout
2022-05-04 19:22:00;586;dairy
2022-05-04 19:22:00;587;dairy
2022-05-04 19:22:00;588;fruit
2022-05-04 19:22:00;589;dairy
2022-05-04 19:22:00;590;dairy
2022-05-04 19:22:00;591;drinks
2022-05-04 19:22:00;592;dairy
2022-05-04 19:22:00;593;drinks
2022-05-04 19:24:00;565;dairy
2022-05-04 19:24:00;580;dairy
2022-05-04 19:24:00;586;drinks
2022-05-04 19:24:00;587;drinks
2022-05-04 19:24:00;588;drinks
2022-05-04 19:24:00;589;drinks
2022-05-04 19:24:00;590;spices
2022-05-04 19:24:00;591;checkout
2022-05-04 19:24:00;592;fruit
2022-05-04 19:24:00;593;fruit
2022-05-04 19:24:00;594;fruit
2022-05-04 19:26:00;565;checkout
2022-05-04 19:26:00;580;drinks
2022-05-04 19:26:00;586;fruit
2022-05-04 19:26:00;587;fruit
2022-05-04 19:26:00;588;spices
2022-05-04 19:26:00;589;spices
2022-05-04 19:26:00;590;checkout
2022-05-04 19:26:00;592;checkout
2022-05-04 19:26:00;593;dairy
2022-05-04 19:26:00;594;checkout
2022-05-04 19:26:00;595;spices
2022-05-04 19:26:00;596;drinks
2022-05-04 19:28:00;580;checkout
2022-05-04 19:28:00;586;spices
2022-05-04 19:28:00;587;checkout
2022-05-04 19:28:00;588;fruit
2022-05-04 19:28:00;589;dairy
2022-05-04 19:28:00;592;fruit
2022-05-04 19:28:00;593;drinks
2022-05-04 19:28:00;595;checkout
2022-05-04 19:28:00;596;dairy
2022-05-04 19:28:00;597;drinks
2022-05-04 19:28:00;598;dairy
2022-05-04 19:28:00;599;dairy
2022-05-04 19:30:00;586;dairy
2022-05-04 19:30:00;588;drinks
2022-05-04 19:30:00;589;spices
2022-05-04 19:30:00;592;checkout
2022-05-04 19:30:00;593;spices
2022-05-04 19:30:00;596;drinks
2022-05-04 19:30:00;597;spices
2022-05-04 19:30:00;598;spices
2022-05-04 19:30:00;599;checkout
2022-05-04 19:30:00;600;fruit
2022-05-04 19:32:00;586;checkout
2022-05-04 19:32:00;588;fruit
2022-05-04 19:32:00;589;fruit
2022-05-04 19:32:00;593;fruit
2022-05-04 19:32:00;596;checkout
2022-05-04 19:32:00;597;drinks
2022-05-04 19:32:00;598;drinks
2022-05-04 19:32:00;600;checkout
2022-05-04 19:32:00;601;spices
2022-05-04 19:32:00;602;spices
2022-05-04 19:32:00;603;dairy
2022-05-04 19:34:00;588;checkout
2022-05-04 19:34:00;589;spices
2022-05-04 19:34:00;593;dairy
2022-05-04 19:34:00;597;spices
2022-05-04 19:34:00;598;spices
2022-05-04 19:34:00;601;dairy
2022-05-04 19:34:00;602;drinks
2022-05-04 19:34:00;603;checkout
2022-05-04 19:34:00;604;fruit
2022-05-04 19:34:00;605;fruit
2022-05-04 19:36:00;589;fruit
2022-05-04 19:36:00;593;drinks
2022-05-04 19:36:00;597;dairy
2022-05-04 19:36:00;598;checkout
2022-05-04 19:36:00;601;fruit
2022-05-04 19:36:00;602;fruit
2022-05-04 19:36:00;604;checkout
2022-05-04 19:36:00;605;checkout
2022-05-04 19:36:00;606;dairy
2022-05-04 19:36:00;607;spices
2022-05-04 19:38:00;589;checkout
2022-05-04 19:38:00;593;spices
2022-05-04 19:38:00;597;spices
2022-05-04 19:38:00;601;dairy
2022-05-04 19:38:00;602;dairy
2022-05-04 19:38:00;605;fruit
2022-05-04 19:38:00;606;checkout
2022-05-04 19:38:00;607;fruit
2022-05-04 19:38:00;608;dairy
2022-05-04 19:40:00;593;dairy
2022-05-04 19:40:00;597;drinks
2022-05-04 19:40:00;601;fruit
2022-05-04 19:40:00;602;checkout
2022-05-04 19:40:00;605;dairy
2022-05-04 19:40:00;607;checkout
2022-05-04 19:40:00;608;fruit
2022-05-04 19:40:00;609;spices
2022-05-04 19:42:00;593;fruit
2022-05-04 19:42:00;597;checkout
2022-05-04 19:42:00;601;drinks
2022-05-04 19:42:00;605;drinks
2022-05-04 19:42:00;608;spices
2022-05-04 19:42:00;609;checkout
2022-05-04 19:42:00;610;dairy
2022-05-04 19:42:00;611;fruit
2022-05-04 19:44:00;593;drinks
2022-05-04 19:44:00;601;dairy
2022-05-04 19:44:00;605;checkout
2022-05-04 19:44:00;608;drinks
2022-05-04 19:44:00;610;checkout
2022-05-04 19:44:00;611;drinks
2022-05-04 19:44:00;612;fruit
2022-05-04 19:44:00;613;fruit
2022-05-04 19:46:00;593;checkout
2022-05-04 19:46:00;601;drinks
2022-05-04 19:46:00;608;checkout
2022-05-04 19:46:00;611;fruit
2022-05-04 19:46:00;612;dairy
2022-05-04 19:46:00;613;drinks
2022-05-04 19:46:00;614;drinks
2022-05-04 19:46:00;615;dairy
2022-05-04 19:48:00;601;spices
2022-05-04 19:48:00;611;checkout
2022-05-04 19:48:00;612;spices
2022-05-04 19:48:00;613;fruit
2022-05-04 19:48:00;614;fruit
2022-05-04 19:48:00;615;spices
2022-05-04 19:48:00;616;dairy
2022-05-04 19:50:00;601;fruit
2022-05-04 19:50:00;612;dairy
2022-05-04 19:50:00;613;checkout
2022-05-04 19:50:00;614;dairy
2022-05-04 19:50:00;615;fruit
2022-05-04 19:50:00;616;drinks
2022-05-04 19:50:00;617;dairy
2022-05-04 19:50:00;618;fruit
2022-05-04 19:52:00;601;drinks
2022-05-04 19:52:00;612;fruit
2022-05-04 19:52:00;614;spices
2022-05-04 19:52:00;615;checkout
2022-05-04 19:52:00;616;checkout
2022-05-04 19:52:00;617;checkout
2022-05-04 19:52:00;618;drinks
2022-05-04 19:52:00;619;fruit
2022-05-04 19:52:00;620;fruit
2022-05-04 19:54:00;601;checkout
2022-05-04 19:54:00;612;checkout
2022-05-04 19:54:00;614;fruit
2022-05-04 19:54:00;616;dairy
2022-05-04 19:54:00;618;spices
2022-05-04 19:54:00;619;checkout
2022-05-04 19:54:00;620;drinks
2022-05-04 19:54:00;621;dairy
2022-05-04 19:54:00;622;fruit
2022-05-04 19:56:00;612;fruit
2022-05-04 19:56:00;614;checkout
2022-05-04 19:56:00;616;checkout
2022-05-04 19:56:00;618;drinks
2022-05-04 19:56:00;620;fruit
2022-05-04 19:56:00;621;checkout
2022-05-04 19:56:00;622;checkout
2022-05-04 19:56:00;623;drinks
2022-05-04 19:56:00;624;dairy
2022-05-04 19:58:00;612;dairy
2022-05-04 19:58:00;616;dairy
2022-05-04 19:58:00;618;checkout
2022-05-04 19:58:00;620;dairy
2022-05-04 19:58:00;622;drinks
2022-05-04 19:58:00;623;checkout
2022-05-04 19:58:00;624;checkout
2022-05-04 19:58:00;625;spices
2022-05-04 20:00:00;612;spices
2022-05-04 20:00:00;616;checkout
2022-05-04 20:00:00;620;drinks
2022-05-04 20:00:00;622;checkout
2022-05-04 20:00:00;624;dairy
2022-05-04 20:00:00;625;dairy
2022-05-04 20:00:00;626;fruit
2022-05-04 20:02:00;612;checkout
2022-05-04 20:02:00;620;checkout
2022-05-04 20:02:00;624;checkout
2022-05-04 20:02:00;625;spices
2022-05-04 20:02:00;626;dairy
2022-05-04 20:02:00;627;fruit
2022-05-04 20:02:00;628;spices
2022-05-04 20:04:00;620;dairy
2022-05-04 20:04:00;625;checkout
2022-05-04 20:04:00;626;fruit
2022-05-04 20:04:00;627;checkout
2022-05-04 20:04:00;628;drinks
2022-05-04 20:04:00;629;spices
2022-05-04 20:04:00;630;dairy
2022-05-04 20:06:00;620;spices
2022-05-04 20:06:00;626;checkout
2022-05-04 20:06:00;628;spices
2022-05-04 20:06:00;629;dairy
2022-05-04 20:06:00;630;spices
2022-05-04 20:06:00;631;dairy
2022-05-04 20:08:00;620;checkout
2022-05-04 20:08:00;628;checkout
2022-05-04 20:08:00;629;checkout
2022-05-04 20:08:00;630;checkout
2022-05-04 20:08:00;631;spices
2022-05-04 20:08:00;632;fruit
2022-05-04 20:10:00;628;fruit
2022-05-04 20:10:00;630;fruit
2022-05-04 20:10:00;631;checkout
2022-05-04 20:10:00;632;dairy
2022-05-04 20:10:00;633;fruit
2022-05-04 20:10:00;634;fruit
2022-05-04 20:12:00;628;spices
2022-05-04 20:12:00;630;spices
2022-05-04 20:12:00;632;fruit
2022-05-04 20:12:00;633;spices
2022-05-04 20:12:00;634;checkout
2022-05-04 20:12:00;635;fruit
2022-05-04 20:14:00;628;checkout
2022-05-04 20:14:00;630;checkout
2022-05-04 20:14:00;632;checkout
2022-05-04 20:14:00;633;fruit
2022-05-04 20:14:00;635;checkout
2022-05-04 20:14:00;636;dairy
2022-05-04 20:16:00;630;fruit
2022-05-04 20:16:00;633;checkout
2022-05-04 20:16:00;636;spices
2022-05-04 20:16:00;637;dairy
2022-05-04 20:16:00;638;fruit
2022-05-04 20:18:00;630;checkout
2022-05-04 20:18:00;636;checkout
2022-05-04 20:18:00;637;checkout
2022-05-04 20:18:00;638;drinks
2022-05-04 20:18:00;639;fruit
2022-05-04 20:20:00;636;fruit
2022-05-04 20:20:00;638;spices
2022-05-04 20:20:00;639;spices
2022-05-04 20:20:00;640;spices
2022-05-04 20:20:00;641;drinks
2022-05-04 20:22:00;636;checkout
2022-05-04 20:22:00;638;dairy
2022-05-04 20:22:00;639;drinks
2022-05-04 20:22:00;640;checkout
2022-05-04 20:22:00;641;checkout
2022-05-04 20:22:00;642;spices
2022-05-04 20:24:00;638;drinks
2022-05-04 20:24:00;639;checkout
2022-05-04 20:24:00;641;spices
2022-05-04 20:24:00;642;fruit
2022-05-04 20:24:00;643;dairy
2022-05-04 20:26:00;638;dairy
2022-05-04 20:26:00;641;dairy
2022-05-04 20:26:00;642;drinks
2022-05-04 20:26:00;643;drinks
2022-05-04 20:26:00;644;fruit
2022-05-04 20:26:00;645;fruit
2022-05-04 20:28:00;638;checkout
2022-05-04 20:28:00;641;checkout
2022-05-04 20:28:00;642;checkout
2022-05-04 20:28:00;643;checkout
2022-05-04 20:28:00;644;checkout
2022-05-04 20:28:00;645;checkout
2022-05-04 20:28:00;646;fruit
2022-05-04 20:30:00;641;spices
2022-05-04 20:30:00;643;dairy
2022-05-04 20:30:00;645;fruit
2022-05-04 20:30:00;646;checkout
2022-05-04 20:30:00;647;drinks
2022-05-04 20:30:00;648;drinks
2022-05-04 20:32:00;641;dairy
2022-05-04 20:32:00;643;drinks
2022-05-04 20:32:00;645;checkout
2022-05-04 20:32:00;647;fruit
2022-05-04 20:32:00;648;spices
2022-05-04 20:34:00;641;drinks
2022-05-04 20:34:00;643;checkout
2022-05-04 20:34:00;647;checkout
2022-05-04 20:34:00;648;drinks
2022-05-04 20:34:00;649;dairy
2022-05-04 20:34:00;650;dairy
2022-05-04 20:36:00;641;checkout
2022-05-04 20:36:00;647;spices
2022-05-04 20:36:00;648;checkout
2022-05-04 20:36:00;649;spices
2022-05-04 20:36:00;650;checkout
2022-05-04 20:36:00;651;dairy
2022-05-04 20:36:00;652;fruit
2022-05-04 20:38:00;647;drinks
2022-05-04 20:38:00;649;checkout
2022-05-04 20:38:00;651;spices
2022-05-04 20:38:00;652;spices
2022-05-04 20:38:00;653;spices
2022-05-04 20:40:00;647;spices
2022-05-04 20:40:00;651;dairy
2022-05-04 20:40:00;652;drinks
2022-05-04 20:40:00;653;drinks
2022-05-04 20:40:00;654;drinks
2022-05-04 20:40:00;655;fruit
2022-05-04 20:42:00;647;checkout
2022-05-04 20:42:00;651;checkout
2022-05-04 20:42:00;652;checkout
2022-05-04 20:42:00;653;spices
2022-05-04 20:42:00;654;spices
2022-05-04 20:42:00;655;drinks
2022-05-04 20:42:00;656;dairy
2022-05-04 20:44:00;651;spices
2022-05-04 20:44:00;653;fruit
2022-05-04 20:44:00;654;dairy
2022-05-04 20:44:00;655;checkout
2022-05-04 20:44:00;656;checkout
2022-05-04 20:44:00;657;fruit
2022-05-04 20:44:00;658;dairy
2022-05-04 20:46:00;651;dairy
2022-05-04 20:46:00;653;checkout
2022-05-04 20:46:00;654;drinks
2022-05-04 20:46:00;656;fruit
2022-05-04 20:46:00;657;checkout
2022-05-04 20:46:00;658;fruit
2022-05-04 20:46:00;659;dairy
2022-05-04 20:46:00;660;fruit
2022-05-04 20:48:00;651;fruit
2022-05-04 20:48:00;654;spices
2022-05-04 20:48:00;656;spices
2022-05-04 20:48:00;658;checkout
2022-05-04 20:48:00;659;drinks
2022-05-04 20:48:00;660;dairy
2022-05-04 20:50:00;651;drinks
2022-05-04 20:50:00;654;fruit
2022-05-04 20:50:00;656;dairy
2022-05-04 20:50:00;659;fruit
2022-05-04 20:50:00;660;checkout
2022-05-04 20:50:00;661;fruit
2022-05-04 20:50:00;662;fruit
2022-05-04 20:52:00;651;fruit
2022-05-04 20:52:00;654;checkout
2022-05-04 20:52:00;656;drinks
2022-05-04 20:52:00;659;drinks
2022-05-04 20:52:00;661;drinks
2022-05-04 20:52:00;662;dairy
2022-05-04 20:52:00;663;dairy
2022-05-04 20:52:00;664;dairy
2022-05-04 20:54:00;651;checkout
2022-05-04 20:54:00;656;fruit
2022-05-04 20:54:00;659;checkout
2022-05-04 20:54:00;661;checkout
2022-05-04 20:54:00;662;drinks
2022-05-04 20:54:00;663;checkout
2022-05-04 20:54:00;664;spices
2022-05-04 20:54:00;665;dairy
2022-05-04 20:56:00;656;checkout
2022-05-04 20:56:00;661;fruit
2022-05-04 20:56:00;662;fruit
2022-05-04 20:56:00;664;checkout
2022-05-04 20:56:00;665;fruit
2022-05-04 20:56:00;666;drinks
2022-05-04 20:58:00;661;drinks
2022-05-04 20:58:00;662;checkout
2022-05-04 20:58:00;665;checkout
2022-05-04 20:58:00;666;checkout
2022-05-04 20:58:00;667;fruit
2022-05-04 21:00:00;661;checkout
2022-05-04 21:00:00;665;spices
2022-05-04 21:00:00;667;checkout
2022-05-04 21:02:00;665;drinks
2022-05-04 21:02:00;668;fruit
2022-05-04 21:04:00;665;checkout
2022-05-04 21:04:00;668;checkout
2022-05-04 21:06:00;668;dairy
2022-05-04 21:06:00;669;dairy
2022-05-04 21:08:00;668;checkout
2022-05-04 21:08:00;669;spices
2022-05-04 21:10:00;669;checkout
2022-05-04 21:12:00;670;dairy
2022-05-04 21:14:00;670;checkout
2022-05-04 21:16:00;671;fruit
2022-05-04 21:16:00;672;dairy
2022-05-04 21:18:00;671;checkout
2022-05-04 21:18:00;672;fruit
2022-05-04 21:20:00;672;dairy
2022-05-04 21:20:00;673;spices
2022-05-04 21:20:00;674;fruit
2022-05-04 21:22:00;672;drinks
2022-05-04 21:22:00;673;dairy
2022-05-04 21:22:00;674;drinks
2022-05-04 21:22:00;675;fruit
2022-05-04 21:24:00;672;spices
2022-05-04 21:24:00;673;checkout
2022-05-04 21:24:00;674;fruit
2022-05-04 21:24:00;675;checkout
2022-05-04 21:24:00;676;fruit
2022-05-04 21:26:00;672;checkout
2022-05-04 21:26:00;674;dairy
2022-05-04 21:26:00;676;drinks
2022-05-04 21:26:00;677;drinks
2022-05-04 21:26:00;678;dairy
2022-05-04 21:28:00;674;fruit
2022-05-04 21:28:00;676;fruit
2022-05-04 21:28:00;677;checkout
2022-05-04 21:28:00;678;drinks
2022-05-04 21:28:00;679;drinks
2022-05-04 21:28:00;680;spices
2022-05-04 21:30:00;674;checkout
2022-05-04 21:30:00;676;dairy
2022-05-04 21:30:00;678;spices
2022-05-04 21:30:00;679;checkout
2022-05-04 21:30:00;680;dairy
2022-05-04 21:30:00;681;dairy
2022-05-04 21:30:00;682;spices
2022-05-04 21:32:00;676;fruit
2022-05-04 21:32:00;678;checkout
2022-05-04 21:32:00;680;fruit
2022-05-04 21:32:00;681;drinks
2022-05-04 21:32:00;682;drinks
2022-05-04 21:32:00;683;spices
2022-05-04 21:32:00;684;spices
2022-05-04 21:34:00;676;checkout
2022-05-04 21:34:00;680;checkout
2022-05-04 21:34:00;681;spices
2022-05-04 21:34:00;682;checkout
2022-05-04 21:34:00;683;drinks
2022-05-04 21:34:00;684;checkout
2022-05-04 21:34:00;685;spices
2022-05-04 21:34:00;686;drinks
2022-05-04 21:36:00;680;drinks
2022-05-04 21:36:00;681;drinks
2022-05-04 21:36:00;683;fruit
2022-05-04 21:36:00;685;fruit
2022-05-04 21:36:00;686;fruit
2022-05-04 21:36:00;687;fruit
2022-05-04 21:36:00;688;dairy
2022-05-04 21:38:00;680;dairy
2022-05-04 21:38:00;681;fruit
2022-05-04 21:38:00;683;checkout
2022-05-04 21:38:00;685;checkout
2022-05-04 21:38:00;686;drinks
2022-05-04 21:38:00;687;checkout
2022-05-04 21:38:00;688;checkout
2022-05-04 21:40:00;680;drinks
2022-05-04 21:40:00;681;checkout
2022-05-04 21:40:00;685;drinks
2022-05-04 21:40:00;686;dairy
2022-05-04 21:40:00;688;fruit
2022-05-04 21:42:00;680;checkout
2022-05-04 21:42:00;685;fruit
2022-05-04 21:42:00;686;drinks
2022-05-04 21:42:00;688;drinks
2022-05-04 21:44:00;685;spices
2022-05-04 21:44:00;686;checkout
2022-05-04 21:44:00;688;checkout
2022-05-04 21:44:00;689;fruit
2022-05-04 21:46:00;685;dairy
2022-05-04 21:46:00;688;spices
2022-05-04 21:46:00;689;drinks
2022-05-04 21:48:00;685;checkout
2022-05-04 21:48:00;688;fruit
2022-05-04 21:48:00;689;checkout
2022-05-04 21:50:00;688;checkout
2022-05-04 21:50:00;690;fruit
2022-05-04 21:52:00;690;drinks
2022-05-04 21:54:00;690;checkout
2022-05-04 21:54:00;691;drinks
2022-05-04 21:56:00;691;fruit
2022-05-04 21:56:00;692;spices
2022-05-04 21:56:00;693;dairy
2022-05-04 21:58:00;691;spices
2022-05-04 21:58:00;692;fruit
2022-05-04 21:58:00;693;checkout
2022-05-04 21:58:00;694;fruit
2022-05-04 21:58:00;695;spices
2022-05-04 22:00:00;691;dairy
2022-05-04 22:00:00;692;dairy
2022-05-04 22:00:00;694;dairy
2022-05-04 22:00:00;695;dairy
